iteration,Train/mean_reward,Train/mean_episode_length,Train/mean_step_reward,Episode_Termination/time_out,Episode_Termination/fell_over,Metrics/twist/error_vel_xy,Metrics/twist/error_vel_yaw,Loss/value,Loss/surrogate,Loss/entropy,Loss/learning_rate,Loss/kl,Policy/mean_std,Perf/total_fps,Perf/collection_time,Perf/learning_time,Curriculum/action_rate_weight,Curriculum/standing_envs,Curriculum/penalty_scale,time_s,env_steps,Episode_Reward/track_linear_velocity,Episode_Reward/track_angular_velocity,Episode_Reward/upright,Episode_Reward/pose,Episode_Reward/action_rate_l2,Episode_Reward/alive,Episode_Reward/air_time,Episode_Reward/single_stance,Episode_Reward/foot_lift,Episode_Reward/foot_alternation,Episode_Reward/foot_symmetry,Episode_Reward/foot_clearance,Episode_Reward/foot_swing_height,Episode_Reward/foot_slip,Episode_Reward/trot,Episode_Reward/joint_torque,Episode_Reward/self_collisions,Episode_Reward/dof_pos_limits,Episode_Reward/body_ang_vel,Episode_Reward/angular_momentum
1,nan,nan,0.206671,0,0,0.113555,0.174354,1.10086,3.47034e-08,-13.4151,0.0002,0,0.183333,6394.28,1.52396,0.397758,-0.1,0.02,1,1.92188,12288,nan,nan,nan,nan,nan,nan,nan,nan,nan,nan,nan,nan,nan,nan,nan,nan,nan,nan,nan,nan
2,nan,nan,0.210078,0,0,0.0845903,0.173894,1.64935,-8.17236e-09,-13.4151,0.0002,0,0.183333,6638.43,1.33353,0.517508,-0.1,0.02,1,3.77475,24576,nan,nan,nan,nan,nan,nan,nan,nan,nan,nan,nan,nan,nan,nan,nan,nan,nan,nan,nan,nan
3,nan,nan,0.208807,0,0,0.0779578,0.160218,0.8107,5.4366e-09,-13.4151,0.0002,0,0.183333,5153.87,1.86607,0.518157,-0.1,0.02,1,6.16116,36864,nan,nan,nan,nan,nan,nan,nan,nan,nan,nan,nan,nan,nan,nan,nan,nan,nan,nan,nan,nan
4,nan,nan,0.208401,0,0,0.084303,0.171757,1.18053,4.45725e-08,-13.4151,0.0002,0,0.183333,5831.74,1.62198,0.485113,-0.1,0.02,1,8.27066,49152,nan,nan,nan,nan,nan,nan,nan,nan,nan,nan,nan,nan,nan,nan,nan,nan,nan,nan,nan,nan
5,nan,nan,0.209893,0,0,0.0850766,0.169057,0.927691,5.16884e-09,-13.4151,0.0002,0,0.183333,6182.22,1.55851,0.429132,-0.1,0.02,1,10.2624,61440,nan,nan,nan,nan,nan,nan,nan,nan,nan,nan,nan,nan,nan,nan,nan,nan,nan,nan,nan,nan
6,nan,nan,0.210713,0,0,0.0814483,0.162012,0.842266,1.63564e-09,-13.4151,0.0002,0,0.183333,6483.07,1.46997,0.425431,-0.1,0.02,1,12.1616,73728,nan,nan,nan,nan,nan,nan,nan,nan,nan,nan,nan,nan,nan,nan,nan,nan,nan,nan,nan,nan
7,nan,nan,0.20934,0,0,0.0845925,0.164278,0.775796,1.81171e-09,-13.4151,0.0002,0,0.183333,6243.86,1.4811,0.48691,-0.1,0.02,1,14.1315,86016,nan,nan,nan,nan,nan,nan,nan,nan,nan,nan,nan,nan,nan,nan,nan,nan,nan,nan,nan,nan
8,nan,nan,0.210854,0,0,0.0862917,0.171042,0.764788,2.04935e-08,-13.4151,0.0002,0,0.183333,6110.13,1.53306,0.478024,-0.1,0.02,1,16.1442,98304,nan,nan,nan,nan,nan,nan,nan,nan,nan,nan,nan,nan,nan,nan,nan,nan,nan,nan,nan,nan
9,nan,nan,0.209624,0,0,0.0819604,0.166876,0.722067,1.03732e-07,-13.4151,0.0002,0,0.183333,6580.15,1.55246,0.31497,-0.1,0.02,1,18.0137,110592,nan,nan,nan,nan,nan,nan,nan,nan,nan,nan,nan,nan,nan,nan,nan,nan,nan,nan,nan,nan
10,nan,nan,0.209332,0,0,0.0828471,0.167832,0.771525,-7.61182e-08,-13.4151,0.0002,0,0.183333,6408.24,1.48484,0.43269,-0.1,0.02,1,19.9327,122880,nan,nan,nan,nan,nan,nan,nan,nan,nan,nan,nan,nan,nan,nan,nan,nan,nan,nan,nan,nan
11,nan,nan,0.209724,0,0,0.0850197,0.16926,0.729018,0.101443,-13.4008,0.0002,0,0.18364,5800.47,1.59023,0.528221,-0.1,0.02,1,22.0525,135168,nan,nan,nan,nan,nan,nan,nan,nan,nan,nan,nan,nan,nan,nan,nan,nan,nan,nan,nan,nan
12,nan,nan,0.215387,0,0,0.0817321,0.164024,0.700561,0.0103595,-13.3673,0.0002,0,0.183917,6123.76,1.54134,0.46527,-0.1,0.02,1,24.061,147456,nan,nan,nan,nan,nan,nan,nan,nan,nan,nan,nan,nan,nan,nan,nan,nan,nan,nan,nan,nan
13,nan,nan,0.221398,0,0,0.0868602,0.159275,0.669553,0.018314,-13.3416,0.0002,0,0.184217,5844.52,1.65922,0.443259,-0.1,0.02,1,26.1751,159744,nan,nan,nan,nan,nan,nan,nan,nan,nan,nan,nan,nan,nan,nan,nan,nan,nan,nan,nan,nan
14,nan,nan,0.221761,0,0,0.0910628,0.1672,0.517506,0.0217876,-13.3131,0.0002,0,0.18455,5971.6,1.58122,0.476519,-0.1,0.02,1,28.2344,172032,nan,nan,nan,nan,nan,nan,nan,nan,nan,nan,nan,nan,nan,nan,nan,nan,nan,nan,nan,nan
15,nan,nan,0.220297,0,0,0.0917016,0.164414,0.420746,0.0277321,-13.2808,0.0002,0,0.184577,5649.75,1.75249,0.422476,-0.1,0.02,1,30.4108,184320,nan,nan,nan,nan,nan,nan,nan,nan,nan,nan,nan,nan,nan,nan,nan,nan,nan,nan,nan,nan
16,nan,nan,0.219619,0,0,0.0889711,0.171025,0.391712,0.0304807,-13.2614,0.0002,0,0.184527,6113.1,1.59857,0.411541,-0.1,0.02,1,32.4227,196608,nan,nan,nan,nan,nan,nan,nan,nan,nan,nan,nan,nan,nan,nan,nan,nan,nan,nan,nan,nan
17,nan,nan,0.218477,0,0,0.0893111,0.170991,0.315178,0.025216,-13.2427,0.0002,0,0.184471,6584.21,1.56601,0.300271,-0.1,0.02,1,34.2909,208896,nan,nan,nan,nan,nan,nan,nan,nan,nan,nan,nan,nan,nan,nan,nan,nan,nan,nan,nan,nan
18,nan,nan,0.21754,0,0,0.0943239,0.171579,0.313333,0.0338164,-13.2239,0.0002,0,0.184486,6497.61,1.49941,0.391753,-0.1,0.02,1,36.1834,221184,nan,nan,nan,nan,nan,nan,nan,nan,nan,nan,nan,nan,nan,nan,nan,nan,nan,nan,nan,nan
19,nan,nan,0.216462,0,0,0.0942162,0.179553,0.277012,0.015795,-13.2038,0.0002,0,0.184611,6382.78,1.53803,0.387152,-0.1,0.02,1,38.11,233472,nan,nan,nan,nan,nan,nan,nan,nan,nan,nan,nan,nan,nan,nan,nan,nan,nan,nan,nan,nan
20,nan,nan,0.216259,0,0,0.0964669,0.184824,0.228711,0.0274184,-13.1754,0.0002,0,0.184721,6924.07,1.37268,0.401998,-0.1,0.02,1,39.8865,245760,nan,nan,nan,nan,nan,nan,nan,nan,nan,nan,nan,nan,nan,nan,nan,nan,nan,nan,nan,nan
21,nan,nan,0.214636,0,0,0.0988137,0.182987,0.219726,0.0436427,-13.1459,0.0002,0,0.184865,6252.3,1.5407,0.424653,-0.1,0.02,1,41.8533,258048,nan,nan,nan,nan,nan,nan,nan,nan,nan,nan,nan,nan,nan,nan,nan,nan,nan,nan,nan,nan
22,nan,nan,0.21184,0,0,0.0944799,0.188632,0.15354,0.0386021,-13.1166,0.0002,0,0.184953,6433.51,1.51557,0.394434,-0.1,0.02,1,43.765,270336,nan,nan,nan,nan,nan,nan,nan,nan,nan,nan,nan,nan,nan,nan,nan,nan,nan,nan,nan,nan
23,nan,nan,0.210096,0,0,0.0896291,0.185764,0.151638,0.0237994,-13.0935,0.0002,0,0.185002,6103.97,1.56552,0.447594,-0.1,0.02,1,45.7797,282624,nan,nan,nan,nan,nan,nan,nan,nan,nan,nan,nan,nan,nan,nan,nan,nan,nan,nan,nan,nan
24,nan,nan,0.207688,0,0,0.0896258,0.178321,0.120482,0.0409591,-13.0653,0.0002,0,0.185158,6439.26,1.55514,0.353148,-0.1,0.02,1,47.6895,294912,nan,nan,nan,nan,nan,nan,nan,nan,nan,nan,nan,nan,nan,nan,nan,nan,nan,nan,nan,nan
25,nan,nan,0.204324,0,0,0.0889092,0.177612,0.108209,0.041153,-13.0345,0.0002,0,0.185281,6394.67,1.53216,0.389442,-0.1,0.02,1,49.6124,307200,nan,nan,nan,nan,nan,nan,nan,nan,nan,nan,nan,nan,nan,nan,nan,nan,nan,nan,nan,nan
26,nan,nan,0.201893,0,0,0.0918031,0.176446,0.102857,0.0384992,-13.0059,0.0002,0,0.185299,5705.91,1.62375,0.529803,-0.1,0.02,1,51.768,319488,nan,nan,nan,nan,nan,nan,nan,nan,nan,nan,nan,nan,nan,nan,nan,nan,nan,nan,nan,nan
27,nan,nan,0.200551,0,0,0.0912687,0.178066,0.0926667,0.0502782,-12.9782,0.0002,0,0.185283,5563.91,1.75809,0.450431,-0.1,0.02,1,53.981,331776,nan,nan,nan,nan,nan,nan,nan,nan,nan,nan,nan,nan,nan,nan,nan,nan,nan,nan,nan,nan
28,nan,nan,0.199944,0,0,0.093257,0.179278,0.0912389,0.0500799,-12.9521,0.0002,0,0.185358,6015.42,1.59208,0.450676,-0.1,0.02,1,56.0253,344064,nan,nan,nan,nan,nan,nan,nan,nan,nan,nan,nan,nan,nan,nan,nan,nan,nan,nan,nan,nan
29,nan,nan,0.199464,0,0,0.0936268,0.182849,0.08022,0.0445216,-12.9229,0.0002,0,0.18555,6042.88,1.62091,0.412557,-0.1,0.02,1,58.0603,356352,nan,nan,nan,nan,nan,nan,nan,nan,nan,nan,nan,nan,nan,nan,nan,nan,nan,nan,nan,nan
30,nan,nan,0.19916,0,0,0.0886453,0.18257,0.0774967,0.0349365,-12.8954,0.0002,0,0.185669,6309.72,1.56998,0.377493,-0.1,0.02,1,60.0091,368640,nan,nan,nan,nan,nan,nan,nan,nan,nan,nan,nan,nan,nan,nan,nan,nan,nan,nan,nan,nan
31,nan,nan,0.198061,0,0,0.0871587,0.181718,0.080967,0.0428478,-12.8715,0.0002,0,0.18556,6575.79,1.42614,0.442537,-0.1,0.02,1,61.8792,380928,nan,nan,nan,nan,nan,nan,nan,nan,nan,nan,nan,nan,nan,nan,nan,nan,nan,nan,nan,nan
32,nan,nan,0.197534,0,0,0.0864254,0.182292,0.0691346,0.0321292,-12.8468,0.0002,0,0.185468,6298.88,1.54537,0.405457,-0.1,0.02,1,63.8316,393216,nan,nan,nan,nan,nan,nan,nan,nan,nan,nan,nan,nan,nan,nan,nan,nan,nan,nan,nan,nan
33,nan,nan,0.196509,0,0,0.0874944,0.183582,0.0660265,0.0505762,-12.8228,0.0002,0,0.185458,7013.55,1.46355,0.288487,-0.1,0.02,1,65.5853,405504,nan,nan,nan,nan,nan,nan,nan,nan,nan,nan,nan,nan,nan,nan,nan,nan,nan,nan,nan,nan
34,nan,nan,0.196911,0,0,0.0892207,0.188306,0.0700796,0.0269709,-12.7999,0.0002,0,0.185545,8173.7,1.21523,0.288129,-0.1,0.02,1,67.09,417792,nan,nan,nan,nan,nan,nan,nan,nan,nan,nan,nan,nan,nan,nan,nan,nan,nan,nan,nan,nan
35,nan,nan,0.197073,0,0,0.0902507,0.19743,0.0649438,0.0311343,-12.7748,0.0002,0,0.185586,8604.21,1.16929,0.258844,-0.1,0.02,1,68.5193,430080,nan,nan,nan,nan,nan,nan,nan,nan,nan,nan,nan,nan,nan,nan,nan,nan,nan,nan,nan,nan
36,nan,nan,0.196878,0,0,0.0902097,0.20423,0.0652222,0.0218882,-12.7491,0.0002,0,0.185771,8810.81,1.14282,0.251827,-0.1,0.02,1,69.9152,442368,nan,nan,nan,nan,nan,nan,nan,nan,nan,nan,nan,nan,nan,nan,nan,nan,nan,nan,nan,nan
37,nan,nan,0.196863,0,0,0.0895102,0.201994,0.0654175,0.0361118,-12.7195,0.0002,0,0.185942,8671.23,1.14211,0.274989,-0.1,0.02,1,71.3335,454656,nan,nan,nan,nan,nan,nan,nan,nan,nan,nan,nan,nan,nan,nan,nan,nan,nan,nan,nan,nan
38,nan,nan,0.196735,0,0,0.0917361,0.206056,0.0569376,0.0318726,-12.6942,0.0002,0,0.186071,8756.96,1.14248,0.260742,-0.1,0.02,1,72.7378,466944,nan,nan,nan,nan,nan,nan,nan,nan,nan,nan,nan,nan,nan,nan,nan,nan,nan,nan,nan,nan
39,nan,nan,0.197148,0,0,0.0917909,0.199305,0.053109,0.0576815,-12.6673,0.0002,0,0.186238,6597.54,1.42771,0.434801,-0.1,0.02,1,74.6016,479232,nan,nan,nan,nan,nan,nan,nan,nan,nan,nan,nan,nan,nan,nan,nan,nan,nan,nan,nan,nan
40,nan,nan,0.197442,0,0,0.0908316,0.195074,0.0519166,0.02749,-12.6391,0.0002,0,0.186386,6332.05,1.52743,0.413172,-0.1,0.02,1,76.5442,491520,nan,nan,nan,nan,nan,nan,nan,nan,nan,nan,nan,nan,nan,nan,nan,nan,nan,nan,nan,nan
41,nan,nan,0.197845,0,0,0.0885213,0.185369,0.0470595,0.0408474,-12.6109,0.0002,0,0.186548,6429.14,1.53436,0.37694,-0.1,0.02,1,78.4569,503808,nan,nan,nan,nan,nan,nan,nan,nan,nan,nan,nan,nan,nan,nan,nan,nan,nan,nan,nan,nan
42,206.898,1000,0.205828,21.3333,0,0.0813376,0.176049,0.92717,0.0189595,-12.5775,0.0002,0,0.186587,5635.67,1.76247,0.417928,-0.1,0.02,1,80.6387,516096,1.82182,1.83929,1.88878,0.0220633,-0.0644568,nan,0,0,0,0,0,0,0,0,nan,nan,-0.00188281,-0.0129002,-0.0126682,-4.75117e-07
43,nan,nan,0.208565,0,0,0.0955777,0.163551,4.42686,0.0473694,-12.5453,0.0002,0,0.186664,6579.95,1.4568,0.410691,-0.1,0.02,1,82.5079,528384,nan,nan,nan,nan,nan,nan,nan,nan,nan,nan,nan,nan,nan,nan,nan,nan,nan,nan,nan,nan
44,nan,nan,0.199228,0,0,0.0823441,0.205848,1.23921,0.0480725,-12.5281,0.0002,0,0.186772,6808.39,1.40161,0.403226,-0.1,0.02,1,84.3145,540672,nan,nan,nan,nan,nan,nan,nan,nan,nan,nan,nan,nan,nan,nan,nan,nan,nan,nan,nan,nan
45,nan,nan,0.197027,0,0,0.102239,0.193621,0.328343,0.0294487,-12.5121,0.0002,0,0.186773,6056.55,1.57659,0.452291,-0.1,0.02,1,86.3456,552960,nan,nan,nan,nan,nan,nan,nan,nan,nan,nan,nan,nan,nan,nan,nan,nan,nan,nan,nan,nan
46,nan,nan,0.1976,0,0,0.0926682,0.181453,0.144615,0.0450589,-12.4936,0.0002,0,0.18687,6544.09,1.50195,0.375771,-0.1,0.02,1,88.2252,565248,nan,nan,nan,nan,nan,nan,nan,nan,nan,nan,nan,nan,nan,nan,nan,nan,nan,nan,nan,nan
47,nan,nan,0.197399,0,0,0.0876737,0.175146,0.0919413,0.0366283,-12.4651,0.0002,0,0.186973,6127.43,1.52732,0.478084,-0.1,0.02,1,90.2323,577536,nan,nan,nan,nan,nan,nan,nan,nan,nan,nan,nan,nan,nan,nan,nan,nan,nan,nan,nan,nan
48,nan,nan,0.196633,0,0,0.085802,0.169758,0.0687161,0.0513833,-12.4287,0.0002,0,0.187205,6440.52,1.55695,0.350974,-0.1,0.02,1,92.1417,589824,nan,nan,nan,nan,nan,nan,nan,nan,nan,nan,nan,nan,nan,nan,nan,nan,nan,nan,nan,nan
49,nan,nan,0.195979,0,0,0.0860122,0.169195,0.0586308,0.0513369,-12.389,0.0002,0,0.187448,8185.53,1.23784,0.26335,-0.1,0.02,1,93.644,602112,nan,nan,nan,nan,nan,nan,nan,nan,nan,nan,nan,nan,nan,nan,nan,nan,nan,nan,nan,nan
50,nan,nan,0.195563,0,0,0.0872665,0.174559,0.0561614,0.0417771,-12.3567,0.0002,0,0.187632,9018.6,1.1058,0.256718,-0.1,0.02,1,95.0077,614400,nan,nan,nan,nan,nan,nan,nan,nan,nan,nan,nan,nan,nan,nan,nan,nan,nan,nan,nan,nan
51,nan,nan,0.195715,0,0,0.0865351,0.176457,0.0563631,0.0942108,-12.3293,0.0002,0,0.187798,6631.93,1.38387,0.468983,-0.1,0.02,1,96.8617,626688,nan,nan,nan,nan,nan,nan,nan,nan,nan,nan,nan,nan,nan,nan,nan,nan,nan,nan,nan,nan
52,nan,nan,0.195142,0,0,0.0886939,0.180926,0.0485735,0.055671,-12.3033,0.0002,0,0.187931,6211.4,1.59064,0.387661,-0.1,0.02,1,98.8417,638976,nan,nan,nan,nan,nan,nan,nan,nan,nan,nan,nan,nan,nan,nan,nan,nan,nan,nan,nan,nan
53,nan,nan,0.194926,0,0,0.0884454,0.17608,0.0448332,0.0311396,-12.2812,0.0002,0,0.188038,6955.37,1.32999,0.436698,-0.1,0.02,1,100.61,651264,nan,nan,nan,nan,nan,nan,nan,nan,nan,nan,nan,nan,nan,nan,nan,nan,nan,nan,nan,nan
54,nan,nan,0.194727,0,0,0.0891759,0.176915,0.045443,0.0271945,-12.262,0.0002,0,0.188039,6233.07,1.58255,0.388867,-0.1,0.02,1,102.584,663552,nan,nan,nan,nan,nan,nan,nan,nan,nan,nan,nan,nan,nan,nan,nan,nan,nan,nan,nan,nan
55,nan,nan,0.194282,0,0,0.0867639,0.178368,0.0380427,0.0414346,-12.2443,0.0002,0,0.188148,6565.64,1.53355,0.338016,-0.1,0.02,1,104.457,675840,nan,nan,nan,nan,nan,nan,nan,nan,nan,nan,nan,nan,nan,nan,nan,nan,nan,nan,nan,nan
56,nan,nan,0.193902,0,0,0.0825727,0.171704,0.0369811,0.0506198,-12.2211,0.0002,0,0.188352,8382.6,1.20784,0.258058,-0.1,0.02,1,105.924,688128,nan,nan,nan,nan,nan,nan,nan,nan,nan,nan,nan,nan,nan,nan,nan,nan,nan,nan,nan,nan
57,nan,nan,0.193811,0,0,0.079733,0.173198,0.0385297,0.0285213,-12.1914,0.0002,0,0.188578,6612.02,1.40708,0.45135,-0.1,0.02,1,107.783,700416,nan,nan,nan,nan,nan,nan,nan,nan,nan,nan,nan,nan,nan,nan,nan,nan,nan,nan,nan,nan
58,nan,nan,0.194646,0,0,0.0787774,0.168155,0.0365772,0.0328641,-12.1678,0.0002,0,0.188723,6138.74,1.60508,0.396633,-0.1,0.02,1,109.787,712704,nan,nan,nan,nan,nan,nan,nan,nan,nan,nan,nan,nan,nan,nan,nan,nan,nan,nan,nan,nan
59,nan,nan,0.195264,0,0,0.0772512,0.169121,0.0368839,0.0273897,-12.1382,0.0002,0,0.188967,6120.59,1.62564,0.382009,-0.1,0.02,1,111.796,724992,nan,nan,nan,nan,nan,nan,nan,nan,nan,nan,nan,nan,nan,nan,nan,nan,nan,nan,nan,nan
60,nan,nan,0.196452,0,0,0.0768314,0.168232,0.0295351,0.0260797,-12.1097,0.0002,0,0.189093,6263.63,1.58091,0.380897,-0.1,0.02,1,113.76,737280,nan,nan,nan,nan,nan,nan,nan,nan,nan,nan,nan,nan,nan,nan,nan,nan,nan,nan,nan,nan
61,nan,nan,0.19697,0,0,0.0751073,0.160048,0.0275401,0.0237712,-12.0903,0.0002,0,0.189087,6402,1.52811,0.391295,-0.1,0.02,1,115.681,749568,nan,nan,nan,nan,nan,nan,nan,nan,nan,nan,nan,nan,nan,nan,nan,nan,nan,nan,nan,nan
62,nan,nan,0.198019,0,0,0.0717718,0.153718,0.0263198,0.0401722,-12.07,0.0002,0,0.189162,6165.54,1.58173,0.411284,-0.1,0.02,1,117.675,761856,nan,nan,nan,nan,nan,nan,nan,nan,nan,nan,nan,nan,nan,nan,nan,nan,nan,nan,nan,nan
63,nan,nan,0.198664,0,0,0.0699053,0.151003,0.0275505,0.0356963,-12.0492,0.0002,0,0.18924,6169.97,1.61618,0.375406,-0.1,0.02,1,119.669,774144,nan,nan,nan,nan,nan,nan,nan,nan,nan,nan,nan,nan,nan,nan,nan,nan,nan,nan,nan,nan
64,nan,nan,0.199114,0,0,0.0688358,0.149678,0.0241304,0.0438262,-12.0232,0.0002,0,0.189378,6607.18,1.4593,0.400492,-0.1,0.02,1,121.53,786432,nan,nan,nan,nan,nan,nan,nan,nan,nan,nan,nan,nan,nan,nan,nan,nan,nan,nan,nan,nan
65,nan,nan,0.199036,0,0,0.0682529,0.147076,0.0270851,0.0541185,-11.9964,0.0002,0,0.189463,5884.78,1.62561,0.462486,-0.1,0.02,1,123.62,798720,nan,nan,nan,nan,nan,nan,nan,nan,nan,nan,nan,nan,nan,nan,nan,nan,nan,nan,nan,nan
66,nan,nan,0.199546,0,0,0.0655908,0.144442,0.0226798,0.0352505,-11.9693,0.0002,0,0.189669,6032.44,1.63379,0.403196,-0.1,0.02,1,125.658,811008,nan,nan,nan,nan,nan,nan,nan,nan,nan,nan,nan,nan,nan,nan,nan,nan,nan,nan,nan,nan
67,nan,nan,0.200011,0,0,0.0632627,0.137688,0.0212679,0.0182787,-11.9432,0.0002,0,0.189734,6465.78,1.48411,0.416355,-0.1,0.02,1,127.56,823296,nan,nan,nan,nan,nan,nan,nan,nan,nan,nan,nan,nan,nan,nan,nan,nan,nan,nan,nan,nan
68,nan,nan,0.199733,0,0,0.0634548,0.140874,0.0223606,0.0276755,-11.9267,0.0002,0,0.189763,6496.2,1.50255,0.389017,-0.1,0.02,1,129.453,835584,nan,nan,nan,nan,nan,nan,nan,nan,nan,nan,nan,nan,nan,nan,nan,nan,nan,nan,nan,nan
69,nan,nan,0.200396,0,0,0.0631802,0.141642,0.0194226,0.0372403,-11.9077,0.0002,0,0.189772,6357.03,1.48445,0.448525,-0.1,0.02,1,131.388,847872,nan,nan,nan,nan,nan,nan,nan,nan,nan,nan,nan,nan,nan,nan,nan,nan,nan,nan,nan,nan
70,nan,nan,0.200058,0,0,0.0617449,0.14309,0.0205755,0.0278554,-11.882,0.0002,0,0.189772,6185.04,1.59147,0.395258,-0.1,0.02,1,133.376,860160,nan,nan,nan,nan,nan,nan,nan,nan,nan,nan,nan,nan,nan,nan,nan,nan,nan,nan,nan,nan
71,nan,nan,0.199593,0,0,0.0598554,0.140153,0.0207157,0.0448386,-11.8535,0.0002,0,0.189846,6627.39,1.54654,0.307588,-0.1,0.02,1,135.232,872448,nan,nan,nan,nan,nan,nan,nan,nan,nan,nan,nan,nan,nan,nan,nan,nan,nan,nan,nan,nan
72,nan,nan,0.199633,0,0,0.0579773,0.135908,0.0196718,0.0439569,-11.8273,0.0002,0,0.189813,8270.28,1.22623,0.259576,-0.1,0.02,1,136.719,884736,nan,nan,nan,nan,nan,nan,nan,nan,nan,nan,nan,nan,nan,nan,nan,nan,nan,nan,nan,nan
73,nan,nan,0.200226,0,0,0.0552445,0.132373,0.020005,0.0785937,-11.803,0.0002,0,0.189778,8647.85,1.16705,0.253881,-0.1,0.02,1,138.141,897024,nan,nan,nan,nan,nan,nan,nan,nan,nan,nan,nan,nan,nan,nan,nan,nan,nan,nan,nan,nan
74,nan,nan,0.200478,0,0,0.0524014,0.130705,0.0182771,0.0460329,-11.7821,0.0002,0,0.189717,8490.89,1.18377,0.263428,-0.1,0.02,1,139.59,909312,nan,nan,nan,nan,nan,nan,nan,nan,nan,nan,nan,nan,nan,nan,nan,nan,nan,nan,nan,nan
75,nan,nan,0.201205,0,0,0.0474459,0.126055,0.0170053,0.02896,-11.7662,0.0002,0,0.189662,8508.97,1.18522,0.2589,-0.1,0.02,1,141.035,921600,nan,nan,nan,nan,nan,nan,nan,nan,nan,nan,nan,nan,nan,nan,nan,nan,nan,nan,nan,nan
76,nan,nan,0.201705,0,0,0.0461546,0.120474,0.016867,0.0420067,-11.7495,0.0002,0,0.189673,8144.44,1.24513,0.263633,-0.1,0.02,1,142.545,933888,nan,nan,nan,nan,nan,nan,nan,nan,nan,nan,nan,nan,nan,nan,nan,nan,nan,nan,nan,nan
77,nan,nan,0.20233,0,0,0.0429409,0.112504,0.0149904,0.0399406,-11.7304,0.0002,0,0.189644,7663.73,1.31326,0.290135,-0.1,0.02,1,144.15,946176,nan,nan,nan,nan,nan,nan,nan,nan,nan,nan,nan,nan,nan,nan,nan,nan,nan,nan,nan,nan
78,nan,nan,0.203148,0,0,0.038949,0.109517,0.013837,0.0463356,-11.711,0.0002,0,0.189498,8331.22,1.1991,0.275834,-0.1,0.02,1,145.626,958464,nan,nan,nan,nan,nan,nan,nan,nan,nan,nan,nan,nan,nan,nan,nan,nan,nan,nan,nan,nan
79,nan,nan,0.203277,0,0,0.0342986,0.0999033,0.0135606,0.0375501,-11.6896,0.0002,0,0.189404,7747.07,1.32247,0.263674,-0.1,0.02,1,147.213,970752,nan,nan,nan,nan,nan,nan,nan,nan,nan,nan,nan,nan,nan,nan,nan,nan,nan,nan,nan,nan
80,nan,nan,0.204765,0,0,0.0305568,0.0916983,0.0117964,0.0562519,-11.667,0.0002,0,0.189277,8599.75,1.17379,0.25509,-0.1,0.02,1,148.643,983040,nan,nan,nan,nan,nan,nan,nan,nan,nan,nan,nan,nan,nan,nan,nan,nan,nan,nan,nan,nan
81,nan,nan,0.205482,0,0,0.0261164,0.0844795,0.010954,0.0328456,-11.647,0.0002,0,0.189171,8045.88,1.26713,0.260111,-0.1,0.02,1,150.172,995328,nan,nan,nan,nan,nan,nan,nan,nan,nan,nan,nan,nan,nan,nan,nan,nan,nan,nan,nan,nan
82,nan,nan,0.205944,0,0,0.0226085,0.0744274,0.00965395,0.0330627,-11.6278,0.0002,0,0.188984,7962.43,1.27374,0.269505,-0.1,0.02,1,151.716,1.00762e+06,nan,nan,nan,nan,nan,nan,nan,nan,nan,nan,nan,nan,nan,nan,nan,nan,nan,nan,nan,nan
83,nan,nan,0.206579,0,0,0.0196075,0.0694832,0.00952714,0.0693196,-11.6132,0.0002,0,0.188721,8416.04,1.20002,0.260045,-0.1,0.02,1,153.178,1.0199e+06,nan,nan,nan,nan,nan,nan,nan,nan,nan,nan,nan,nan,nan,nan,nan,nan,nan,nan,nan,nan
84,199.345,1000,0.21286,21.3333,0,0.0659373,0.160905,2.12647,0.0488176,-11.5959,0.0002,0,0.188678,7765.87,1.32542,0.256891,-0.1,0.02,1,154.761,1.03219e+06,1.87624,1.87279,1.81632,0.00771986,-0.062878,nan,0,0,0,0,0,0,0,0,nan,nan,-0.00363477,-0.0546275,-0.007196,-2.28514e-07
85,nan,nan,0.197057,0,0,0.0812332,0.216372,0.126581,0.0261593,-11.5717,0.0002,0,0.188874,8859.7,1.12992,0.257032,-0.1,0.02,1,156.149,1.04448e+06,nan,nan,nan,nan,nan,nan,nan,nan,nan,nan,nan,nan,nan,nan,nan,nan,nan,nan,nan,nan
86,nan,nan,0.192645,0,0,0.086223,0.161021,0.0891726,0.0232971,-11.5489,0.0002,0,0.189063,8418.82,1.18062,0.278968,-0.1,0.02,1,157.61,1.05677e+06,nan,nan,nan,nan,nan,nan,nan,nan,nan,nan,nan,nan,nan,nan,nan,nan,nan,nan,nan,nan
87,nan,nan,0.196376,0,0,0.0612142,0.151913,0.04475,0.040719,-11.5292,0.0002,0,0.189231,8229.31,1.23509,0.258105,-0.1,0.02,1,159.105,1.06906e+06,nan,nan,nan,nan,nan,nan,nan,nan,nan,nan,nan,nan,nan,nan,nan,nan,nan,nan,nan,nan
88,nan,nan,0.19979,0,0,0.0381443,0.120292,0.0183674,0.0393187,-11.5049,0.0002,0,0.189309,6897.74,1.51839,0.263062,-0.1,0.02,1,160.888,1.08134e+06,nan,nan,nan,nan,nan,nan,nan,nan,nan,nan,nan,nan,nan,nan,nan,nan,nan,nan,nan,nan
89,nan,nan,0.202338,0,0,0.0223317,0.0832047,0.0143395,0.027292,-11.4825,0.0002,0,0.189288,7713.96,1.2249,0.368061,-0.1,0.02,1,162.482,1.09363e+06,nan,nan,nan,nan,nan,nan,nan,nan,nan,nan,nan,nan,nan,nan,nan,nan,nan,nan,nan,nan
90,nan,nan,0.203776,0,0,0.0135478,0.0594243,0.0142992,0.0348707,-11.4632,0.0002,0,0.189301,6279.44,1.46438,0.492477,-0.1,0.02,1,164.441,1.10592e+06,nan,nan,nan,nan,nan,nan,nan,nan,nan,nan,nan,nan,nan,nan,nan,nan,nan,nan,nan,nan
91,nan,nan,0.204769,0,0,0.0105724,0.0537906,0.0105227,0.0520864,-11.4392,0.0002,0,0.189282,5570.37,1.75568,0.45028,-0.1,0.02,1,166.648,1.11821e+06,nan,nan,nan,nan,nan,nan,nan,nan,nan,nan,nan,nan,nan,nan,nan,nan,nan,nan,nan,nan
92,nan,nan,0.205233,0,0,0.00948493,0.0505511,0.0106326,0.0326735,-11.4183,0.0002,0,0.189264,6127.26,1.56381,0.441659,-0.1,0.02,1,168.655,1.1305e+06,nan,nan,nan,nan,nan,nan,nan,nan,nan,nan,nan,nan,nan,nan,nan,nan,nan,nan,nan,nan
93,nan,nan,0.205663,0,0,0.00915494,0.048638,0.00938379,0.0510462,-11.4006,0.0002,0,0.189206,5150.99,1.79274,0.592823,-0.1,0.02,1,171.042,1.14278e+06,nan,nan,nan,nan,nan,nan,nan,nan,nan,nan,nan,nan,nan,nan,nan,nan,nan,nan,nan,nan
94,nan,nan,0.205591,0,0,0.00898851,0.0485359,0.00773019,0.020908,-11.3829,0.0002,0,0.189013,5483.07,1.66361,0.577476,-0.1,0.02,1,173.285,1.15507e+06,nan,nan,nan,nan,nan,nan,nan,nan,nan,nan,nan,nan,nan,nan,nan,nan,nan,nan,nan,nan
95,nan,nan,0.205802,0,0,0.00919994,0.0465188,0.00671751,0.0401487,-11.3622,0.0002,0,0.188911,5938.79,1.79636,0.272748,-0.1,0.02,1,175.356,1.16736e+06,nan,nan,nan,nan,nan,nan,nan,nan,nan,nan,nan,nan,nan,nan,nan,nan,nan,nan,nan,nan
96,nan,nan,0.206158,0,0,0.00964723,0.0481039,0.00695034,0.0532637,-11.346,0.0002,0,0.188756,7299.59,1.29812,0.385263,-0.1,0.02,1,177.042,1.17965e+06,nan,nan,nan,nan,nan,nan,nan,nan,nan,nan,nan,nan,nan,nan,nan,nan,nan,nan,nan,nan
97,nan,nan,0.206303,0,0,0.0100242,0.0495777,0.00639626,0.0352722,-11.3296,0.0002,0,0.188655,5851.77,1.65858,0.441298,-0.1,0.02,1,179.143,1.19194e+06,nan,nan,nan,nan,nan,nan,nan,nan,nan,nan,nan,nan,nan,nan,nan,nan,nan,nan,nan,nan
98,nan,nan,0.206687,0,0,0.0109139,0.052173,0.00652852,0.0492949,-11.3138,0.0002,0,0.188608,6341.39,1.49468,0.443064,-0.1,0.02,1,181.082,1.20422e+06,nan,nan,nan,nan,nan,nan,nan,nan,nan,nan,nan,nan,nan,nan,nan,nan,nan,nan,nan,nan
99,nan,nan,0.206938,0,0,0.0108766,0.0542651,0.0052372,0.038288,-11.2994,0.0002,0,0.188406,6524.23,1.46221,0.42123,-0.1,0.02,1,182.967,1.21651e+06,nan,nan,nan,nan,nan,nan,nan,nan,nan,nan,nan,nan,nan,nan,nan,nan,nan,nan,nan,nan
100,nan,nan,0.206471,0,0,0.0110082,0.0594314,0.0114857,0.0319379,-11.2823,0.0002,0,0.188378,6948.66,1.44091,0.327487,-0.1,0.02,1,184.737,1.2288e+06,nan,nan,nan,nan,nan,nan,nan,nan,nan,nan,nan,nan,nan,nan,nan,nan,nan,nan,nan,nan
101,81.3875,415,0.205232,0,0.0833333,0.0164937,0.0942266,3.5502,0.0137715,-11.2427,0.0002,0,0.188879,7442.14,1.36554,0.285595,-0.1,0.02,1,190.184,1.24109e+06,0.771031,0.750262,0.750323,0.00716316,-0.0246397,nan,0,0,0,0,0,0,0,0,nan,nan,-0.0075,-0.0477739,-0.022338,-3.40957e-07
102,85.2388,436.818,0.202388,0,0.458333,0.0235189,0.139159,3.52657,0.0480645,-11.1739,0.0002,0,0.189537,6176.27,1.49161,0.497941,-0.1,0.02,1,192.175,1.25338e+06,0.81757,0.801004,0.791276,0.00703886,-0.0265379,nan,0,0,0,0,0,0,0,0,nan,nan,-0.0491818,-0.0534664,-0.0233179,-3.2246e-07
103,91.2246,462.556,0.199987,0,0.75,0.0313779,0.189223,1.78942,0.0265928,-11.1125,0.0002,0,0.189967,5370.31,1.68702,0.601112,-0.1,0.02,1,194.465,1.26566e+06,0.871031,0.854827,0.841558,0.00690356,-0.0281863,nan,0,0,0,0,0,0,0,0,nan,nan,-0.0155556,-0.0542699,-0.0226465,-3.05546e-07
104,95.7919,484.8,0.201797,0,0.833333,0.0283385,0.15434,1.11571,0.0283857,-11.0694,0.0002,0,0.190261,5921.26,1.56138,0.513854,-0.1,0.02,1,196.543,1.27795e+06,0.916738,0.897582,0.886676,0.00688661,-0.0289776,nan,0,0,0,0,0,0,0,0,nan,nan,-0.01845,-0.0598277,-0.0212083,-3.00976e-07
105,100.787,508,0.202179,0,0.416667,0.0257461,0.134865,0.870474,0.0185635,-11.0353,0.0002,0,0.190425,6188.42,1.58709,0.398556,-0.1,0.02,1,198.53,1.29024e+06,0.965362,0.948255,0.934209,0.00714474,-0.0298889,nan,0,0,0,0,0,0,0,0,nan,nan,-0.0177,-0.0574186,-0.022002,-3.05246e-07
106,105.306,531.923,0.201493,0,0.541667,0.0236374,0.125866,0.540631,0.0321683,-11.0036,0.0002,0,0.190699,6675.67,1.46221,0.378501,-0.1,0.02,1,200.372,1.30253e+06,1.0108,0.994305,0.976047,0.00709315,-0.0322478,nan,0,0,0,0,0,0,0,0,nan,nan,-0.0133077,-0.0692544,-0.0214701,-2.90635e-07
107,110.788,556,0.202308,0,0.25,0.0195155,0.101888,0.623228,0.0573954,-10.9698,0.0002,0,0.190926,6368.3,1.4997,0.429851,-0.1,0.02,1,202.303,1.31482e+06,1.06243,1.04752,1.02825,0.00724554,-0.0324152,nan,0,0,0,0,0,0,0,0,nan,nan,-0.00966667,-0.0688721,-0.0221711,-2.9124e-07
108,115.814,582.778,0.201176,0,0.375,0.0214836,0.117821,0.87625,0.0305869,-10.9363,0.0002,0,0.191168,6794.8,1.46597,0.342471,-0.1,0.02,1,204.113,1.3271e+06,1.11098,1.09431,1.07325,0.00692296,-0.0352523,nan,0,0,0,0,0,0,0,0,nan,nan,-0.0123333,-0.0733596,-0.0224208,-3.22856e-07
109,121.429,606.692,0.200678,0,0.541667,0.0276717,0.135379,0.936157,0.0374123,-10.9048,0.0002,0,0.191451,6123.81,1.56299,0.4436,-0.1,0.02,1,206.121,1.33939e+06,1.16404,1.14613,1.12279,0.0069723,-0.0363196,nan,0,0,0,0,0,0,0,0,nan,nan,-0.00238462,-0.0794942,-0.0210067,-2.58172e-07
110,125.41,628.611,0.200878,0,0.75,0.0298702,0.15888,0.933889,0.0207349,-10.8782,0.0002,0,0.191775,6307.86,1.51891,0.429137,-0.1,0.02,1,208.071,1.35168e+06,1.20726,1.19054,1.15795,0.00729141,-0.0376453,nan,0,0,0,0,0,0,0,0,nan,nan,-0.0104444,-0.0854218,-0.0209009,-2.82626e-07
111,130.567,651.812,0.200544,0,0.666667,0.0341865,0.164204,1.13571,0.0130135,-10.8565,0.0002,0,0.191929,6955.23,1.35285,0.413881,-0.1,0.02,1,209.839,1.36397e+06,1.25384,1.23729,1.20611,0.00705989,-0.0388067,nan,0,0,0,0,0,0,0,0,nan,nan,-0.01125,-0.0853449,-0.0207214,-2.78252e-07
112,135.561,677.69,0.197627,0,1.20833,0.0475702,0.25238,0.884307,0.0416644,-10.8348,0.0002,0,0.192171,6101.23,1.544,0.470023,-0.1,0.02,1,211.855,1.37626e+06,1.30458,1.28543,1.25467,0.00736432,-0.0404288,nan,0,0,0,0,0,0,0,0,nan,nan,-0.0135172,-0.0880159,-0.0205943,-2.99889e-07
113,140.051,700.281,0.198087,0,1.33333,0.0488236,0.257524,0.844059,0.0237829,-10.8047,0.0002,0,0.192381,6840.19,1.47011,0.32633,-0.1,0.02,1,213.653,1.38854e+06,1.34827,1.3299,1.29861,0.0072918,-0.0417132,nan,0,0,0,0,0,0,0,0,nan,nan,-0.0185937,-0.0884554,-0.0211124,-3.15495e-07
114,145.062,722.042,0.201059,0,1,0.0407113,0.188532,0.702551,0.0243155,-10.7661,0.0002,0,0.192734,6453.67,1.45055,0.453481,-0.1,0.02,1,215.558,1.40083e+06,1.39442,1.37622,1.341,0.00741559,-0.0429533,nan,0,0,0,0,0,0,0,0,nan,nan,-0.00916667,-0.0922033,-0.0210473,-2.90013e-07
115,150.546,748.474,0.200463,0,0.791667,0.0419537,0.1889,0.545704,0.0304955,-10.7263,0.0002,0,0.193021,5644.43,1.57506,0.60195,-0.1,0.02,1,217.737,1.41312e+06,1.44782,1.42896,1.38805,0.00716438,-0.0440537,nan,0,0,0,0,0,0,0,0,nan,nan,-0.00478947,-0.0998339,-0.0202022,-2.80385e-07
116,154.781,770.263,0.202082,0,0.791667,0.0349198,0.162239,0.385814,0.0175946,-10.6923,0.0002,0,0.193263,5944.55,1.62798,0.439127,-0.1,0.02,1,219.807,1.42541e+06,1.49207,1.47253,1.42949,0.00724785,-0.0461737,nan,0,0,0,0,0,0,0,0,nan,nan,-0.00642105,-0.10434,-0.0197872,-2.88249e-07
117,160.948,798.455,0.202245,0,0.458333,0.0315479,0.141043,0.344351,0.0330981,-10.6597,0.0002,0,0.193563,5939.16,1.58832,0.480654,-0.1,0.02,1,221.878,1.4377e+06,1.54924,1.53171,1.48492,0.00698722,-0.0486852,nan,0,0,0,0,0,0,0,0,nan,nan,-0.00290909,-0.103459,-0.020395,-2.88252e-07
118,154.999,770.6,0.203792,0,0.416667,0.0233569,0.110384,0.234108,0.0346578,-10.6229,0.0002,0,0.193874,6353.63,1.51348,0.420536,-0.1,0.02,1,223.814,1.44998e+06,1.49285,1.47503,1.43177,0.00721984,-0.0463125,nan,0,0,0,0,0,0,0,0,nan,nan,-0.0056,-0.106224,-0.0198013,-2.88623e-07
119,170.776,846.4,0.203562,0,0.208333,0.0212206,0.0991668,0.166175,0.0214574,-10.5868,0.0002,0,0.194073,6158.07,1.56962,0.425813,-0.1,0.02,1,225.811,1.46227e+06,1.64478,1.62433,1.58197,0.00686747,-0.0507953,nan,0,0,0,0,0,0,0,0,nan,nan,-0.0014,-0.111673,-0.0200814,-2.71394e-07
120,172.872,862.333,0.204006,0,0.125,0.0164753,0.0808291,0.187594,0.0365737,-10.5504,0.0002,0,0.194316,6511.14,1.51436,0.372872,-0.1,0.02,1,227.7,1.47456e+06,1.67455,1.652,1.59189,0.00732487,-0.0513544,nan,0,0,0,0,0,0,0,0,nan,nan,-0.00666667,-0.12776,-0.0192694,-3.00111e-07
121,180.067,892.5,0.203847,0,0.166667,0.0171783,0.087041,0.105949,0.0298523,-10.5063,0.0002,0,0.194658,6511.28,1.52616,0.361027,-0.1,0.02,1,229.588,1.48685e+06,1.73546,1.71245,1.66987,0.0065911,-0.0545597,nan,0,0,0,0,0,0,0,0,nan,nan,-0.003,-0.119392,-0.020276,-2.89788e-07
122,163.44,813.4,0.204221,0,0.208333,0.0144479,0.0773858,0.151957,0.0217804,-10.4644,0.0002,0,0.194919,6268.4,1.5879,0.372407,-0.1,0.02,1,231.55,1.49914e+06,1.57969,1.55712,1.51488,0.00726191,-0.0479691,nan,0,0,0,0,0,0,0,0,nan,nan,-0.0102,-0.11535,-0.0211189,-2.91454e-07
123,190.4,942,0.20414,0,0.0416667,0.0145221,0.0734358,0.0789826,0.0388427,-10.4298,0.0002,0,0.19509,6407.57,1.63087,0.286862,-0.1,0.02,1,233.47,1.51142e+06,1.83429,1.81324,1.76696,0.0068952,-0.0580984,nan,0,0,0,0,0,0,0,0,nan,nan,-0.004,-0.136067,-0.0185963,-2.5696e-07
124,194.573,959,0.204534,0,0.125,0.0123615,0.0696249,0.0596249,0.00805904,-10.395,0.0002,0,0.195405,6826.37,1.46853,0.331551,-0.1,0.02,1,235.271,1.52371e+06,1.87015,1.8481,1.80372,0.00761217,-0.0579645,nan,0,0,0,0,0,0,0,0,nan,nan,-0.003,-0.12658,-0.0185486,-3.04026e-07
125,205,1000,0.204758,8.875,0,0.0107798,0.0579797,0.0433178,0.014828,-10.3604,0.0002,0,0.195589,6977.92,1.49071,0.270276,-0.1,0.02,1,237.034,1.536e+06,1.98442,1.96469,1.90739,0.0073161,-0.0589487,nan,0,0,0,0,0,0,0,0,nan,nan,-0.000394366,-0.132702,-0.00122312,-3.07826e-08
126,nan,nan,0.20744,0,0,0.0363529,0.152831,0.153317,0.0209699,-10.3316,0.0002,0,0.195875,7275.33,1.38059,0.308406,-0.1,0.02,1,238.724,1.54829e+06,nan,nan,nan,nan,nan,nan,nan,nan,nan,nan,nan,nan,nan,nan,nan,nan,nan,nan,nan,nan
127,nan,nan,0.200828,0,0,0.0414872,0.137452,0.0572253,0.0225307,-10.297,0.0002,0,0.196222,7789.24,1.31303,0.264534,-0.1,0.02,1,240.303,1.56058e+06,nan,nan,nan,nan,nan,nan,nan,nan,nan,nan,nan,nan,nan,nan,nan,nan,nan,nan,nan,nan
128,nan,nan,0.200294,0,0,0.0363135,0.100793,0.0325891,0.0254917,-10.2634,0.0002,0,0.196472,7357.11,1.34247,0.32775,-0.1,0.02,1,241.974,1.57286e+06,nan,nan,nan,nan,nan,nan,nan,nan,nan,nan,nan,nan,nan,nan,nan,nan,nan,nan,nan,nan
129,nan,nan,0.200487,0,0,0.0281574,0.0951446,0.0161883,0.0246518,-10.2358,0.0002,0,0.196654,7421.4,1.38278,0.272975,-0.1,0.02,1,243.631,1.58515e+06,nan,nan,nan,nan,nan,nan,nan,nan,nan,nan,nan,nan,nan,nan,nan,nan,nan,nan,nan,nan
130,nan,nan,0.202259,0,0,0.0206092,0.0823141,0.0130773,0.0225199,-10.2107,0.0002,0,0.196931,6344.61,1.54451,0.392257,-0.1,0.02,1,245.57,1.59744e+06,nan,nan,nan,nan,nan,nan,nan,nan,nan,nan,nan,nan,nan,nan,nan,nan,nan,nan,nan,nan
131,nan,nan,0.204029,0,0,0.0151691,0.0650984,0.0103566,0.0304252,-10.1825,0.0002,0,0.197237,7247.27,1.36364,0.331898,-0.1,0.02,1,247.267,1.60973e+06,nan,nan,nan,nan,nan,nan,nan,nan,nan,nan,nan,nan,nan,nan,nan,nan,nan,nan,nan,nan
