iteration,Train/mean_reward,Train/mean_episode_length,Train/mean_step_reward,Episode_Termination/time_out,Episode_Termination/fell_over,Metrics/twist/error_vel_xy,Metrics/twist/error_vel_yaw,Loss/value,Loss/surrogate,Loss/entropy,Loss/learning_rate,Loss/kl,Policy/mean_std,Perf/total_fps,Perf/collection_time,Perf/learning_time,Curriculum/action_rate_weight,Curriculum/standing_envs,time_s,env_steps,Episode_Reward/track_linear_velocity,Episode_Reward/track_angular_velocity,Episode_Reward/upright,Episode_Reward/pose,Episode_Reward/action_rate_l2,Episode_Reward/alive,Episode_Reward/air_time,Episode_Reward/single_stance,Episode_Reward/foot_lift,Episode_Reward/foot_alternation,Episode_Reward/foot_symmetry,Episode_Reward/foot_clearance,Episode_Reward/foot_swing_height,Episode_Reward/foot_slip,Episode_Reward/trot,Episode_Reward/joint_torque,Episode_Reward/self_collisions,Episode_Reward/dof_pos_limits,Episode_Reward/body_ang_vel,Episode_Reward/angular_momentum,Episode_Reward/joint_vel,Episode_Reward/undesired_contacts,Episode_Reward/base_height,Episode_Reward/three_stance,Episode_Reward/under_stance,Episode_Reward/all_stance,Episode_Reward/footfall_sequence
1001,-2.65224,14,-0.129613,0,0.0416667,0.13517,1.20884,1.09815,-0.00749482,2.57538,0.0002,0.0158041,0.299775,11041,0.678231,0.434707,-0.4,0.15,1.11311,1.23003e+07,2.84392e-05,9.26827e-07,0.00599539,0.000781753,-0.0126479,0.014,-0.0004,nan,nan,nan,nan,-0.00226103,-0.00231536,-0.0005687,nan,-0.00514193,0,-0.00332426,-0.0223586,nan,-0.0686182,-0.018,0.0142175,0.004,-0.036,0,0
1002,-6.27823,34.7692,-0.12464,0,0.541667,0.145834,1.35167,1.64995,0.0122398,2.56805,0.000133333,0.0285214,0.299677,12704.5,0.645758,0.321462,-0.4,0.15,2.08259,1.23126e+07,0.0124592,0.00033884,0.0131342,0.00147676,-0.0421886,0.0347692,-0.0046,nan,nan,nan,nan,-0.00393034,-0.00882686,-0.00203928,nan,-0.0134973,-0.000307692,-0.00685969,-0.0512308,nan,-0.163299,-0.0593077,0.0383827,0.0116923,-0.0870769,-0.000307692,0.0173077
1003,-10.1367,60.4706,-0.123379,0,0.708333,0.147222,1.33094,1.64072,0.00360089,2.56609,0.000133333,0.0168334,0.299619,12826,0.624576,0.333481,-0.4,0.15,3.04213,1.23249e+07,0.0129718,0.00155672,0.0259404,0.00235147,-0.0711866,0.0604706,-0.00869412,nan,nan,nan,nan,-0.00573407,-0.0228112,-0.004202,nan,-0.0231432,0,-0.0136603,-0.0784441,nan,-0.290999,-0.101647,0.0718372,0.0192941,-0.125412,-0.00164706,0.0463235
1004,-12.475,85.1667,-0.121433,0,0.25,0.147986,1.31153,0.960893,-0.00277892,2.56276,8.88889e-05,0.0232617,0.299566,13388.4,0.613908,0.3039,-0.4,0.15,3.96153,1.23372e+07,0.0249339,0.00143555,0.044454,0.00347022,-0.0959568,0.0851667,-0.0136333,nan,nan,nan,nan,-0.00635009,-0.0278374,-0.00590347,nan,-0.0317514,0,-0.0192488,-0.102589,nan,-0.382963,-0.1425,0.105107,0.0326667,-0.174667,-0.003,0.0854167
1005,-13.244,95.4286,-0.116839,0,0.291667,0.145718,1.29855,0.989062,-0.00391919,2.56217,8.88889e-05,0.0124083,0.29954,15366,0.535804,0.263886,-0.4,0.15,4.76269,1.23494e+07,0.0390758,0.00245423,0.0498241,0.00388386,-0.101628,0.0954286,-0.0124286,nan,nan,nan,nan,-0.0058551,-0.0172812,-0.00514024,nan,-0.0353185,0,-0.0212072,-0.100128,nan,-0.388264,-0.150429,0.122312,0.0268571,-0.195429,-0.00285714,0.0339286
1006,-17.4951,119.667,-0.114571,0,0.25,0.146747,1.3319,0.617425,-0.0040393,2.55898,5.92593e-05,0.0224412,0.299419,16058.4,0.502722,0.262487,-0.4,0.15,5.52911,1.23617e+07,0.0311169,0.00288633,0.0599022,0.00467493,-0.13653,0.119667,-0.0194,nan,nan,nan,nan,-0.00802149,-0.0354673,-0.00795808,nan,-0.0441021,-0.0005,-0.0265995,-0.151917,nan,-0.515622,-0.2005,0.158782,0.0506667,-0.249333,-0.00233333,0.0958333
1007,-20.7861,153.25,-0.115793,0,0.333333,0.148477,1.31366,0.899358,0.000928241,2.55551,5.92593e-05,0.00548299,0.299378,14670.3,0.499108,0.338501,-0.4,0.15,6.36793,1.2374e+07,0.0437954,0.00322004,0.0824605,0.0056364,-0.168432,0.15325,-0.025675,nan,nan,nan,nan,-0.0100734,-0.0499191,-0.0114314,nan,-0.0571912,-0.000125,-0.0345479,-0.169691,nan,-0.645236,-0.236625,0.204719,0.071,-0.316,-0.005,0.126563
1008,-23.4312,172.538,-0.113479,0,0.541667,0.147951,1.27411,0.584684,-0.0051473,2.5532,3.95062e-05,0.0229827,0.299302,11771.7,0.669136,0.374727,-0.4,0.15,7.41351,1.23863e+07,0.0702845,0.0043201,0.0895553,0.00641176,-0.191699,0.172538,-0.0280769,nan,nan,nan,nan,-0.0120983,-0.0543553,-0.012996,nan,-0.0647132,-0.001,-0.0386504,-0.19138,nan,-0.748709,-0.262615,0.224699,0.0793846,-0.357231,-0.00523077,0.15
1009,-22.9566,180.5,-0.110845,0,0.416667,0.145111,1.27137,0.688904,-0.00361097,2.55092,3.95062e-05,0.0107549,0.29927,13179.8,0.610647,0.321691,-0.4,0.15,8.34726,1.23986e+07,0.0594614,0.00464539,0.0867262,0.00757184,-0.199914,0.1805,-0.02744,nan,nan,nan,nan,-0.0100438,-0.0459483,-0.0120578,nan,-0.066716,0,-0.0403922,-0.183586,nan,-0.721608,-0.2748,0.242221,0.0872,-0.362,-0.0054,0.13375
1010,-27.0218,221.9,-0.108235,0,0.416667,0.152198,1.29518,0.508707,-0.00592108,2.54948,3.95062e-05,0.00985014,0.299231,12256.8,0.632574,0.369974,-0.4,0.15,9.35111,1.24109e+07,0.0791513,0.00560688,0.118832,0.00817262,-0.235974,0.2219,-0.0385,nan,nan,nan,nan,-0.0122757,-0.0560427,-0.0150038,nan,-0.0806648,-0.0002,-0.0510706,-0.23603,nan,-0.865312,-0.3048,0.298673,0.1152,-0.4528,-0.0062,0.15625
1011,-29.7103,234.1,-0.108596,0,0.416667,0.153223,1.30004,0.577685,-0.00527775,2.54789,3.95062e-05,0.00743357,0.299175,13874.5,0.622919,0.262735,-0.4,0.15,10.2383,1.24232e+07,0.077755,0.0041156,0.12296,0.00813371,-0.25381,0.2341,-0.03418,nan,nan,nan,nan,-0.0131583,-0.0630922,-0.015946,nan,-0.0862089,-0.0002,-0.0525274,-0.261006,nan,-0.923411,-0.3504,0.316262,0.1012,-0.4624,-0.0062,0.1725
1012,-33.036,265.083,-0.106504,0,0.5,0.154921,1.30098,0.497619,-0.00599528,2.54507,3.95062e-05,0.0116014,0.299114,14185.1,0.538751,0.32751,-0.4,0.15,11.1059,1.24355e+07,0.091396,0.00846208,0.147682,0.00943681,-0.288092,0.265083,-0.0491167,nan,nan,nan,nan,-0.0142665,-0.0670516,-0.0194475,nan,-0.097465,0,-0.0591653,-0.278041,nan,-1.03904,-0.391,0.351572,0.128,-0.534,-0.0105,0.19375
1013,-31.7814,278.636,-0.103566,0,0.458333,0.151481,1.29852,0.506008,-0.00210453,2.54331,3.95062e-05,0.0154888,0.299072,12106.9,0.656433,0.358525,-0.4,0.15,12.1226,1.24477e+07,0.102675,0.00849571,0.15356,0.0100574,-0.294939,0.278636,-0.0468364,nan,nan,nan,nan,-0.0136804,-0.058654,-0.0177665,nan,-0.101173,0,-0.0624316,-0.289802,nan,-1.05043,-0.391636,0.381077,0.136364,-0.544364,-0.00981818,0.221591
1014,-32.8974,283.609,-0.105051,0,0.958333,0.150499,1.29897,0.52076,-0.0075782,2.54151,3.95062e-05,0.0109485,0.299028,13035.9,0.617684,0.324941,-0.4,0.15,13.0669,1.246e+07,0.12323,0.0084196,0.159969,0.0104202,-0.299715,0.283609,-0.0485304,nan,nan,nan,nan,-0.0149296,-0.0655718,-0.0196975,nan,-0.103144,0,-0.0645666,-0.298616,nan,-1.09047,-0.392739,0.379597,0.138957,-0.569217,-0.0112174,0.229348
1015,-36.6038,314.786,-0.103538,0,0.583333,0.151839,1.25999,0.584077,-0.00445696,2.53999,3.95062e-05,0.0135248,0.298992,12883.5,0.613636,0.340144,-0.4,0.15,14.0345,1.24723e+07,0.131207,0.00862124,0.169842,0.0133846,-0.333156,0.314786,-0.0528,nan,nan,nan,nan,-0.0164803,-0.0773501,-0.0220021,nan,-0.114046,-0.000571429,-0.072003,-0.320529,nan,-1.22624,-0.445286,0.437142,0.145143,-0.624286,-0.00985714,0.264286
1016,-34.5474,294.091,-0.102279,0,0.916667,0.152506,1.25119,0.56108,-0.00852363,2.53769,3.95062e-05,0.00889259,0.298902,14609.4,0.535394,0.305706,-0.4,0.15,14.8769,1.24846e+07,0.109129,0.00793185,0.161219,0.0117389,-0.312578,0.294091,-0.0483636,nan,nan,nan,nan,-0.0147305,-0.0712066,-0.0196196,nan,-0.106956,-4.54545e-05,-0.0675137,-0.298222,nan,-1.14377,-0.409227,0.409961,0.133455,-0.584,-0.00990909,0.23125
1017,-33.732,289.04,-0.101341,0,1.04167,0.150917,1.26922,0.554341,-0.00577019,2.53393,3.95062e-05,0.013945,0.298837,12225.2,0.612613,0.392521,-0.4,0.15,15.884,1.24969e+07,0.10001,0.00656493,0.165113,0.00954683,-0.299719,0.28904,-0.047824,nan,nan,nan,nan,-0.0140263,-0.0617459,-0.0193308,nan,-0.104577,-0.0002,-0.0659472,-0.294238,nan,-1.08622,-0.38736,0.390371,0.13216,-0.57456,-0.01016,0.1865
1018,-36.7131,319.773,-0.104927,0,0.916667,0.155359,1.27779,0.611698,-0.00672527,2.53217,3.95062e-05,0.0134265,0.298796,12315,0.637335,0.36047,-0.4,0.15,16.8836,1.25092e+07,0.0925717,0.0102337,0.188674,0.0112729,-0.333781,0.319773,-0.0558273,nan,nan,nan,nan,-0.015235,-0.0701892,-0.0221149,nan,-0.115639,-0.000409091,-0.0725051,-0.319756,nan,-1.20655,-0.436773,0.440099,0.164182,-0.637636,-0.0112727,0.235227
1019,-40.1602,339.543,-0.100866,0,1.45833,0.155205,1.2875,0.715239,-0.00926627,2.53085,3.95062e-05,0.00992882,0.298781,12923.9,0.620176,0.330624,-0.4,0.15,17.8365,1.25215e+07,0.106126,0.00960115,0.194153,0.0123833,-0.356557,0.339543,-0.053,nan,nan,nan,nan,-0.0155213,-0.0727254,-0.0216291,nan,-0.123201,-0.000314286,-0.0769696,-0.342972,nan,-1.2796,-0.454114,0.458696,0.150171,-0.681257,-0.0115429,0.210714
1020,-38.0538,350.667,-0.100123,0,1.375,0.160804,1.2918,0.717602,-0.0119886,2.53086,3.95062e-05,0.0105233,0.298799,12533.2,0.610491,0.369944,-0.4,0.15,18.8184,1.25338e+07,0.134963,0.00976841,0.199372,0.0134308,-0.362659,0.350667,-0.0578303,nan,nan,nan,nan,-0.0157134,-0.0696552,-0.0227384,nan,-0.1265,-0.00115152,-0.079177,-0.342693,nan,-1.30392,-0.443182,0.49489,0.175394,-0.698788,-0.0113333,0.254167
1021,-40.7315,361.947,-0.101788,0,1.58333,0.158648,1.29854,0.723576,-0.0107337,2.52979,3.95062e-05,0.0166498,0.298692,12895.2,0.625632,0.327283,-0.4,0.15,19.7733,1.2546e+07,0.131797,0.0106726,0.200797,0.014639,-0.379606,0.361947,-0.0611895,nan,nan,nan,nan,-0.0166627,-0.0775736,-0.0241126,nan,-0.130989,-0.00134211,-0.0817601,-0.353241,nan,-1.35432,-0.474,0.499748,0.173579,-0.710737,-0.0125789,0.248355
1022,-44.9882,403.755,-0.101211,0,2.20833,0.158752,1.29875,0.950318,-0.0109909,2.52547,3.95062e-05,0.00875735,0.298633,12492.1,0.608733,0.374929,-0.4,0.15,20.7583,1.25583e+07,0.144779,0.0116552,0.226512,0.0163204,-0.418075,0.403755,-0.0637547,nan,nan,nan,nan,-0.0190803,-0.086155,-0.0268928,nan,-0.145964,-0.000320755,-0.0908684,-0.402822,nan,-1.50729,-0.519509,0.559212,0.193887,-0.802642,-0.0124906,0.29033
1023,-39.7079,372.191,-0.101116,0,1.95833,0.158011,1.32259,0.980054,-0.0112931,2.52412,3.95062e-05,0.0126453,0.298612,12299.7,0.672687,0.326361,-0.4,0.15,21.7587,1.25706e+07,0.142255,0.0106793,0.213908,0.0148734,-0.382796,0.372191,-0.0652979,nan,nan,nan,nan,-0.0163899,-0.0695305,-0.0241314,nan,-0.133668,-0.000191489,-0.0842359,-0.370675,nan,-1.35554,-0.455043,0.515798,0.181872,-0.727745,-0.0137021,0.261968
1024,-32.7299,302.058,-0.103177,0,2.875,0.157359,1.31391,1.11389,-0.0100379,2.52394,3.95062e-05,0.00891431,0.298624,13750.7,0.611257,0.282371,-0.4,0.15,22.6537,1.25829e+07,0.113148,0.00896142,0.171086,0.0125985,-0.309487,0.302058,-0.0501826,nan,nan,nan,nan,-0.0133838,-0.0554617,-0.0194768,nan,-0.10884,-0.00015942,-0.0678891,-0.297012,nan,-1.10849,-0.370783,0.42271,0.144348,-0.599884,-0.0101739,0.199819
1025,-35.5591,331.227,-0.102808,0,3.125,0.15964,1.32991,1.24496,-0.00741358,2.5246,3.95062e-05,0.00893924,0.298646,12809.7,0.588862,0.370408,-0.4,0.15,23.6145,1.25952e+07,0.134886,0.0100018,0.188343,0.0127601,-0.337784,0.331227,-0.0541973,nan,nan,nan,nan,-0.0139742,-0.0591811,-0.0208299,nan,-0.119291,-0.0002,-0.0738716,-0.317491,nan,-1.20886,-0.39456,0.456021,0.149653,-0.654453,-0.0116533,0.2055
1026,-34.426,319.053,-0.106087,0,3.91667,0.160906,1.30639,1.20806,-0.00839261,2.52555,3.95062e-05,0.014057,0.29867,11604.2,0.654555,0.404368,-0.4,0.15,24.6752,1.26075e+07,0.116289,0.00935449,0.184338,0.0129675,-0.325022,0.319053,-0.0525298,nan,nan,nan,nan,-0.0144269,-0.0598443,-0.0210951,nan,-0.114905,-0.000191489,-0.0715516,-0.316441,nan,-1.1637,-0.380904,0.439577,0.149021,-0.640511,-0.0117872,0.221011
1027,-31.3968,292.121,-0.106831,0,4.45833,0.157789,1.34198,1.16418,-0.00991969,2.52663,3.95062e-05,0.0064909,0.2987,11193.7,0.691616,0.406145,-0.4,0.15,25.7749,1.26198e+07,0.104641,0.00863525,0.166741,0.012479,-0.297707,0.292121,-0.0500822,nan,nan,nan,nan,-0.0129281,-0.0525631,-0.0189109,nan,-0.104887,-0.000271028,-0.0654846,-0.286276,nan,-1.06668,-0.34828,0.398455,0.142131,-0.581757,-0.010972,0.201752
1028,-21.4522,199.715,-0.108251,0,5.125,0.159689,1.34155,1.37476,-0.00685773,2.52767,3.95062e-05,0.0132274,0.298719,12304.4,0.668191,0.330477,-0.4,0.15,26.7751,1.26321e+07,0.0815798,0.00609581,0.112456,0.00824284,-0.200899,0.199715,-0.0308894,nan,nan,nan,nan,-0.00882118,-0.033006,-0.0119878,nan,-0.0718003,-5.69106e-05,-0.0444025,-0.197918,nan,-0.724233,-0.228951,0.270295,0.0876423,-0.402244,-0.00710569,0.123679
1029,-17.2809,162.397,-0.111868,0,6.29167,0.160974,1.36028,1.46576,-0.00698248,2.52827,2.63374e-05,0.0203535,0.298735,13512,0.563095,0.346321,-0.4,0.15,27.6861,1.26444e+07,0.0636429,0.00504748,0.0894727,0.00793901,-0.162485,0.162397,-0.0261046,nan,nan,nan,nan,-0.00711099,-0.0232598,-0.00932212,nan,-0.0581411,-0.000192053,-0.0357537,-0.157717,nan,-0.580854,-0.180636,0.220532,0.0701722,-0.327735,-0.00615894,0.0922185
1030,-18.2735,168.774,-0.119126,0,7.91667,0.161681,1.40642,1.57481,-0.00457301,2.52888,2.63374e-05,0.0082277,0.298742,12260.2,0.668491,0.333778,-0.4,0.15,28.6899,1.26566e+07,0.063953,0.00459643,0.0938351,0.00773351,-0.169978,0.168774,-0.0279505,nan,nan,nan,nan,-0.0077172,-0.0281679,-0.010507,nan,-0.0605954,-0.000215789,-0.037402,-0.171481,nan,-0.608561,-0.192221,0.227583,0.0787789,-0.340926,-0.00623158,0.103026
1031,-14.8202,132.864,-0.120443,0,8.91667,0.166031,1.38842,1.40348,-0.00823931,2.52901,2.63374e-05,0.0152059,0.298745,12011.4,0.663889,0.359142,-0.4,0.15,29.7144,1.26689e+07,0.0501323,0.00375931,0.0729054,0.00564436,-0.132778,0.132864,-0.0190654,nan,nan,nan,nan,-0.00596158,-0.0205578,-0.00751759,nan,-0.0477767,-0.000168224,-0.0290701,-0.137718,nan,-0.481595,-0.151907,0.173223,0.0560935,-0.27243,-0.00402804,0.0749416
1032,-10.3515,91.2695,-0.125883,0,10.6667,0.168028,1.38403,1.18597,-0.00411505,2.52914,2.63374e-05,0.00641,0.29875,12317.7,0.660684,0.336902,-0.4,0.15,30.7135,1.26812e+07,0.0371008,0.00259789,0.0487351,0.00391868,-0.0914175,0.0912695,-0.0134141,nan,nan,nan,nan,-0.00438536,-0.0123372,-0.00489192,nan,-0.0327949,-0.000207031,-0.019799,-0.0986449,nan,-0.330478,-0.0989297,0.117893,0.037375,-0.191734,-0.00274219,0.0453125
1033,-7.49364,64.0421,-0.124423,0,11.875,0.173354,1.41972,0.993531,-0.00915494,2.52943,2.63374e-05,0.0137484,0.298756,12716.7,0.599326,0.366965,-0.4,0.15,31.6817,1.26935e+07,0.0241912,0.00189543,0.0322894,0.00323079,-0.0633789,0.0640421,-0.00942105,nan,nan,nan,nan,-0.00319628,-0.00765782,-0.0032735,nan,-0.023057,-0.000115789,-0.0136288,-0.0728304,nan,-0.233878,-0.0700105,0.0805819,0.0254035,-0.136646,-0.00181053,0.0325877
1034,-6.16499,50.6174,-0.130841,0,12.9583,0.17186,1.44962,0.855599,-0.0052867,2.52941,2.63374e-05,0.00911223,0.298749,12513.4,0.6509,0.331085,-0.4,0.15,32.6653,1.27058e+07,0.0167479,0.00143067,0.0245789,0.00269491,-0.0501987,0.0506174,-0.00768039,nan,nan,nan,nan,-0.00278935,-0.00570036,-0.00259103,nan,-0.0182687,-0.000176849,-0.0107676,-0.0609204,nan,-0.186032,-0.0547235,0.0610633,0.0196913,-0.109865,-0.00148553,0.0261254
1035,-5.47626,42.7043,-0.134273,0,14.375,0.171936,1.41741,0.751815,-0.00731315,2.52889,2.63374e-05,0.00908745,0.298726,11760,0.656364,0.388534,-0.4,0.15,33.7118,1.27181e+07,0.0145317,0.00123423,0.0205345,0.00222271,-0.0420031,0.0427043,-0.00625623,nan,nan,nan,nan,-0.00239165,-0.00406761,-0.00208449,nan,-0.0153924,-6.37681e-05,-0.00901889,-0.0549676,nan,-0.157903,-0.0477478,0.0500413,0.0158261,-0.0941681,-0.00114783,0.0163043
1036,-5.32405,41.0052,-0.141105,0,16.0417,0.172408,1.4389,0.634046,-0.00705485,2.52768,2.63374e-05,0.0105094,0.298689,12383.9,0.697227,0.295032,-0.4,0.15,34.7057,1.27304e+07,0.015336,0.00119501,0.019157,0.00218609,-0.0411829,0.0410052,-0.00634753,nan,nan,nan,nan,-0.00236392,-0.00424078,-0.0020199,nan,-0.0148478,-0.000184416,-0.00867947,-0.0540101,nan,-0.152971,-0.045826,0.0480582,0.0159481,-0.0915325,-0.00127792,0.0163961
1037,-4.57745,32.9929,-0.144058,0,17.5833,0.173478,1.42713,0.522097,-0.00805608,2.52589,2.63374e-05,0.0137664,0.298639,12455.4,0.644233,0.342327,-0.4,0.15,35.6939,1.27427e+07,0.0121806,0.000845059,0.0147712,0.00179423,-0.0328641,0.0329929,-0.00492275,nan,nan,nan,nan,-0.00205641,-0.00306712,-0.00156944,nan,-0.0119874,-0.00014455,-0.00685963,-0.0468769,nan,-0.124831,-0.038609,0.036693,0.0111754,-0.0759242,-0.000838863,0.0112263
1038,-4.34292,29.9529,-0.147928,0,17.7083,0.168972,1.45717,0.418915,-0.00746587,2.52338,2.63374e-05,0.0127565,0.298552,11895.2,0.659018,0.374004,-0.4,0.15,36.7288,1.27549e+07,0.0106447,0.000734477,0.0131667,0.00152375,-0.0299245,0.0299529,-0.00428188,nan,nan,nan,nan,-0.00194859,-0.0027735,-0.00136217,nan,-0.0108865,-0.000218824,-0.00622971,-0.0451225,nan,-0.115124,-0.0366,0.0323649,0.00921412,-0.0699576,-0.000729412,0.0104118
1039,-4.118,27.6532,-0.151258,0,19.5833,0.170437,1.43367,0.452966,-0.00910383,2.51959,2.63374e-05,0.0100569,0.29847,12450.7,0.698558,0.288378,-0.4,0.15,37.7174,1.27672e+07,0.0103904,0.000664307,0.0121933,0.00139162,-0.0276974,0.0276532,-0.00400383,nan,nan,nan,nan,-0.00175961,-0.00251637,-0.00124525,nan,-0.010022,-0.000221277,-0.0057285,-0.0440361,nan,-0.106281,-0.0348957,0.0292892,0.0089617,-0.0655149,-0.000659574,0.0081383
1040,-4.01662,26.9128,-0.149704,0,18.625,0.169171,1.43749,0.382088,-0.0103572,2.51648,2.63374e-05,0.0115731,0.298387,11418.9,0.669176,0.406938,-0.4,0.15,38.795,1.27795e+07,0.0108051,0.000812064,0.0114654,0.00134004,-0.0266619,0.0269128,-0.00375078,nan,nan,nan,nan,-0.00179776,-0.00240168,-0.00117611,nan,-0.00979164,-0.000176734,-0.00548652,-0.0436902,nan,-0.103289,-0.0338456,0.0276107,0.00919911,-0.0640089,-0.00061745,0.00771812
1041,-4.04586,27.0327,-0.151502,0,20.4167,0.169751,1.43686,0.354898,-0.00818768,2.51293,2.63374e-05,0.00550269,0.298291,11997,0.678162,0.346095,-0.4,0.15,39.8216,1.27918e+07,0.0100081,0.000694794,0.0113674,0.00144772,-0.0267828,0.0270327,-0.00399592,nan,nan,nan,nan,-0.00179666,-0.00250273,-0.001243,nan,-0.00985863,-0.000228571,-0.00548769,-0.0437105,nan,-0.104271,-0.0333429,0.0282455,0.00899592,-0.0641143,-0.000734694,0.00798469
1042,-3.83329,25.1472,-0.155002,0,20.6667,0.167251,1.45461,0.343421,-0.0104088,2.5091,2.63374e-05,0.0146008,0.29821,12202.5,0.657046,0.349962,-0.4,0.15,40.8301,1.28041e+07,0.00931526,0.000651242,0.0107433,0.00125692,-0.0249709,0.0251472,-0.00344597,nan,nan,nan,nan,-0.0016704,-0.00214657,-0.00105302,nan,-0.00915669,-0.000278226,-0.00509979,-0.0430833,nan,-0.0970431,-0.0310585,0.0258176,0.00769355,-0.0605726,-0.000649194,0.00793851
1043,-3.73153,23.8963,-0.157671,0,22.5,0.167119,1.45694,0.297103,-0.00917973,2.5061,2.63374e-05,0.0113254,0.298134,12377.3,0.654365,0.338419,-0.4,0.15,41.8244,1.28164e+07,0.00980521,0.000685587,0.00985777,0.00119826,-0.0236928,0.0238963,-0.00317778,nan,nan,nan,nan,-0.00157692,-0.00211445,-0.000975711,nan,-0.00869827,-0.000305556,-0.00486219,-0.042253,nan,-0.0931893,-0.0309611,0.0246302,0.00723704,-0.0580889,-0.000518519,0.00652778
1044,-3.57634,22.7865,-0.158449,0,23.4167,0.166192,1.45524,0.27996,-0.00961408,2.50254,2.63374e-05,0.0105647,0.298026,12238.4,0.671651,0.332399,-0.4,0.15,42.8303,1.28287e+07,0.00899262,0.000520445,0.00925071,0.00117407,-0.0225995,0.0227865,-0.00325018,nan,nan,nan,nan,-0.00159566,-0.00208966,-0.00102874,nan,-0.0083038,-0.000288256,-0.00464896,-0.0410753,nan,-0.0888701,-0.0289377,0.0232418,0.00718861,-0.0554448,-0.000622776,0.00678381
1045,-3.41831,21.6745,-0.154756,0,22.9167,0.164737,1.46581,0.268584,-0.00910128,2.49807,2.63374e-05,0.0125348,0.297922,12008.5,0.683956,0.33932,-0.4,0.15,43.8555,1.2841e+07,0.00804959,0.000553301,0.00883953,0.00115675,-0.0213852,0.0216745,-0.00307418,nan,nan,nan,nan,-0.00154353,-0.00191811,-0.000934557,nan,-0.00784578,-0.0003,-0.00444896,-0.0401265,nan,-0.0837949,-0.0271145,0.021995,0.00647273,-0.0528364,-0.000607273,0.00627273
1046,-3.43186,22.3944,-0.154314,0,22.5,0.163551,1.49833,0.257063,-0.00922784,2.49383,2.63374e-05,0.00671647,0.297815,11946.7,0.6691,0.359472,-0.4,0.15,44.8862,1.28532e+07,0.00952498,0.000536048,0.00918852,0.00114958,-0.0220978,0.0223944,-0.00292222,nan,nan,nan,nan,-0.00146413,-0.00181391,-0.000905984,nan,-0.00811189,-0.0006,-0.0045211,-0.0411567,nan,-0.0858399,-0.0271556,0.0230062,0.00676296,-0.0538444,-0.000481481,0.00675926
1047,-3.39047,21.9504,-0.154175,0,23.5,0.16077,1.48217,0.25486,-0.00986601,2.4892,2.63374e-05,0.0129686,0.297687,12028.9,0.679591,0.341951,-0.4,0.15,45.9092,1.28655e+07,0.00902071,0.000512873,0.00874372,0.00116589,-0.0215465,0.0219504,-0.00292447,nan,nan,nan,nan,-0.00151658,-0.0019853,-0.000913714,nan,-0.00796969,-0.000407801,-0.0044565,-0.0396532,nan,-0.0849287,-0.0263138,0.022481,0.00677305,-0.0531702,-0.000457447,0.0060727
