iteration,Train/mean_reward,Train/mean_episode_length,Train/mean_step_reward,Episode_Termination/time_out,Episode_Termination/fell_over,Metrics/twist/error_vel_xy,Metrics/twist/error_vel_yaw,Loss/value,Loss/surrogate,Loss/entropy,Loss/learning_rate,Loss/kl,Policy/mean_std,Perf/total_fps,Perf/collection_time,Perf/learning_time,Curriculum/action_rate_weight,Curriculum/standing_envs,Curriculum/penalty_scale,time_s,env_steps,Episode_Reward/track_linear_velocity,Episode_Reward/track_angular_velocity,Episode_Reward/upright,Episode_Reward/pose,Episode_Reward/action_rate_l2,Episode_Reward/alive,Episode_Reward/air_time,Episode_Reward/single_stance,Episode_Reward/foot_lift,Episode_Reward/foot_alternation,Episode_Reward/foot_symmetry,Episode_Reward/foot_clearance,Episode_Reward/foot_swing_height,Episode_Reward/foot_slip,Episode_Reward/trot,Episode_Reward/joint_torque,Episode_Reward/self_collisions,Episode_Reward/dof_pos_limits,Episode_Reward/body_ang_vel,Episode_Reward/angular_momentum,Episode_Reward/pose_l2,Episode_Reward/orientation,Episode_Reward/no_progress,Episode_Reward/joint_vel,Episode_Reward/undesired_contacts,Episode_Reward/base_height,Episode_Reward/air_time_variance,Episode_Reward/footfall_sequence
2001,1.04076,18,0.0918116,0,0.0833333,0.0596599,0.185135,0.812903,0.174705,5.40986,1e-05,1.76358,0.396276,9450.33,0.85767,0.442603,-0.4,0.25,1,1.30044,2.45883e+07,0.0421975,0.0472583,0,0.00292897,-0.00212262,nan,-0.00395,nan,nan,nan,nan,-0.000238253,-0.000905892,-0.000609636,nan,-0.00307529,0,0,-0.00361683,nan,-0.0034797,-0.000480939,-0.0154174,-0.00583732,-0.006,0.00417113,-1.9225e-05,0
2002,1.89115,30.8,0.0920702,0,0.208333,0.061144,0.208638,0.360008,-0.00449199,5.41473,1e-05,0.0152896,0.396359,10541.7,0.816236,0.349421,-0.4,0.25,1,2.4687,2.46006e+07,0.0876979,0.0707277,0,0.00494671,-0.00370908,nan,-0.00688,nan,nan,nan,nan,-0.000395015,-0.00217208,-0.00087075,nan,-0.00554275,0,-0.000244718,-0.00966962,nan,-0.00671135,-0.00139765,-0.025351,-0.010429,-0.0086,0.00783274,-5.0365e-05,0.003
2003,4.31188,59.5,0.0846658,0,0.166667,0.0659905,0.240953,0.335576,-0.004134,5.4155,1e-05,0.0234336,0.396346,12162.3,0.722494,0.28784,-0.4,0.25,1,3.48066,2.46129e+07,0.207008,0.116973,0,0.00889993,-0.00778016,nan,-0.009825,nan,nan,nan,nan,-0.00123841,-0.00359339,-0.00144053,nan,-0.0116711,0,-0.000750355,-0.0192502,nan,-0.0138154,-0.0109663,-0.0258744,-0.0228997,-0.01675,0.015713,-0.000190931,0.0075
2004,4.16895,77,0.0883898,0,0.0833333,0.0630488,0.241129,0.127423,-0.012329,5.41426,0.000113906,0.0161412,0.39626,13362.1,0.65161,0.268005,-0.4,0.25,1,4.40166,2.46252e+07,0.204954,0.123961,0,0.0113298,-0.00924738,nan,-0.0081,nan,nan,nan,nan,-0.00112435,-0.00348976,-0.00149888,nan,-0.0151711,0,0,-0.02573,nan,-0.0179336,-0.0107007,-0.0485052,-0.0267179,-0.0375,0.0206413,-0.000318587,0.00875
2005,6.91505,111.667,0.0883938,0,0.25,0.0646999,0.22009,0.34809,-0.00738279,5.40961,1e-05,0.0158424,0.396197,14080.9,0.610343,0.262326,-0.4,0.25,1,5.27551,2.46374e+07,0.3476,0.221288,0,0.0158425,-0.0148283,nan,-0.0191583,nan,nan,nan,nan,-0.00228384,-0.0078094,-0.00240613,nan,-0.0221631,0,-0.0026126,-0.0365952,nan,-0.029243,-0.0201232,-0.0560601,-0.0425198,-0.0386667,0.0298653,-0.000436617,0.00708333
2006,7.93284,125.5,0.0902148,0,0.166667,0.0633024,0.214927,0.196195,-0.00627548,5.40941,7.59375e-05,0.0144468,0.396204,13126.9,0.648793,0.287303,-0.4,0.25,1,6.2129,2.46497e+07,0.395729,0.226017,0,0.0206677,-0.0154881,nan,-0.022075,nan,nan,nan,nan,-0.00256007,-0.00792349,-0.00230558,nan,-0.024273,0,0,-0.0417673,nan,-0.0263427,-0.0338027,-0.0629067,-0.043357,-0.03675,0.0337958,-0.00048805,0.0075
2007,10.2638,152,0.0904834,0,0.0833333,0.0621238,0.226753,0.295161,-0.005971,5.40897,1e-05,0.0161239,0.396222,13474.6,0.644428,0.267512,-0.4,0.25,1,7.12619,2.4662e+07,0.473968,0.316067,0,0.0227838,-0.0187262,nan,-0.0255,nan,nan,nan,nan,-0.00316864,-0.0089999,-0.00350688,nan,-0.0286759,0,-0.000282414,-0.0501407,nan,-0.0348366,-0.0268075,-0.0845504,-0.0563522,-0.052,0.0396476,-0.00030465,0.0275
2008,17.2052,182,0.0893759,0,0.0416667,0.0638237,0.215602,0.246387,-0.00625777,5.40937,7.59375e-05,0.01352,0.396231,13624.7,0.627185,0.274705,-0.4,0.25,1,8.02939,2.46743e+07,0.775075,0.403058,0,0.0294257,-0.0223792,nan,-0.02385,nan,nan,nan,nan,-0.00357833,-0.0135053,-0.00296701,nan,-0.0344739,0,0,-0.0624397,nan,-0.0373268,-0.0413756,-0.0948618,-0.0687969,-0.064,0.0501583,-0.0012728,0.0525
2009,14.8408,209.333,0.0902138,0,0.125,0.0620607,0.211361,0.170111,-0.0090774,5.40789,1e-05,0.017009,0.396173,13345.6,0.637952,0.282803,-0.4,0.25,1,8.95136,2.46866e+07,0.749156,0.430024,0,0.0274877,-0.0259037,nan,-0.0250167,nan,nan,nan,nan,-0.0032633,-0.0114937,-0.00321125,nan,-0.0398992,0,0,-0.074952,nan,-0.067075,-0.0374726,-0.0753107,-0.0741558,-0.0786667,0.0554152,-0.00100993,0.015
2010,15.1549,232,0.0912613,0,0.0416667,0.0617745,0.202011,0.2234,-0.00261749,5.4084,1e-05,0.0230846,0.396192,13223.1,0.616765,0.312515,-0.4,0.25,1,9.88224,2.46989e+07,0.668624,0.516257,0,0.0308188,-0.0307334,nan,-0.0332,nan,nan,nan,nan,-0.00602313,-0.0206715,-0.00498151,nan,-0.0442842,0,-0.0312666,-0.085349,nan,-0.0648189,-0.0530184,-0.134137,-0.0982701,-0.04,0.0606959,-0.0008326,0.07
2011,19.3051,254.25,0.0898224,0,0.166667,0.0629561,0.207742,0.278253,-0.00749002,5.40956,7.59375e-05,0.0123226,0.396205,13623.3,0.627306,0.274677,-0.4,0.25,1,10.7855,2.47112e+07,0.891343,0.517311,0,0.0433891,-0.0318202,nan,-0.0518,nan,nan,nan,nan,-0.00367643,-0.0171546,-0.00626222,nan,-0.0480135,0,-0.000567719,-0.0770909,nan,-0.0470416,-0.0213831,-0.105321,-0.0898059,-0.103,0.070203,-0.000720844,0.02
2012,20.9158,265,0.091192,0,0.0416667,0.0629378,0.203316,0.149569,-0.0113942,5.40993,7.59375e-05,0.0144352,0.396126,14054.4,0.604938,0.269377,-0.4,0.25,1,11.6611,2.47235e+07,0.941171,0.588294,0,0.0346613,-0.0400988,nan,-0.0434,nan,nan,nan,nan,-0.00668842,-0.0193563,-0.00636344,nan,-0.0528928,0,-0.0122456,-0.0977656,nan,-0.0717291,-0.0533193,-0.111901,-0.115746,-0.043,0.0716208,-0.0008628,0.05
2013,25.1754,298.5,0.0911631,0,0.166667,0.0625721,0.196482,0.199628,-0.0122608,5.40892,0.000113906,0.0152616,0.396126,13432.3,0.635987,0.278824,-0.4,0.25,1,12.5772,2.47357e+07,1.17533,0.571409,0,0.0461802,-0.0397147,nan,-0.0457625,nan,nan,nan,nan,-0.00511424,-0.0199661,-0.00608134,nan,-0.0586694,0,-0.00235496,-0.0994261,nan,-0.0658036,-0.0296079,-0.115402,-0.115232,-0.0955,0.081028,-0.0011538,0.0425
2014,27.9049,330,0.0889224,0,0.0416667,0.0640684,0.199602,0.190381,-0.0088911,5.41067,3.375e-05,0.00953158,0.396209,13883,0.619733,0.265376,-0.4,0.25,1,13.4634,2.4748e+07,1.16532,0.759704,0,0.0538217,-0.0460431,nan,-0.0503,nan,nan,nan,nan,-0.00609326,-0.0297501,-0.00661351,nan,-0.0640821,0,-0.00427053,-0.10097,nan,-0.067205,-0.024357,-0.169415,-0.133559,-0.079,0.0850506,-0.0012788,0.085
2015,10.8592,134,0.0891723,0,0.0416667,0.0631811,0.197191,0.196708,-0.00743755,5.41161,1e-05,0.0172019,0.39624,12951.1,0.657064,0.291738,-0.4,0.25,1,14.4135,2.47603e+07,0.595664,0.136723,0,0.0247902,-0.0181124,nan,-0.0255,nan,nan,nan,nan,-0.00196331,-0.0117653,-0.00261445,nan,-0.0248325,0,0,-0.0367435,nan,-0.0207436,-0.0113628,-0.0454279,-0.0523368,-0.032,0.0359922,-0.000427875,0.0325
2016,32.8479,367,0.0892623,0,0.125,0.0631051,0.191393,0.271775,-0.00421567,5.41159,1e-05,0.0217459,0.396248,13261.8,0.630181,0.296393,-0.4,0.25,1,15.3413,2.47726e+07,1.45754,0.750576,0,0.0613192,-0.0468661,nan,-0.0659333,nan,nan,nan,nan,-0.0053666,-0.0250554,-0.00781553,nan,-0.06942,0,-0.000388675,-0.108072,nan,-0.0700053,-0.0180701,-0.161626,-0.132139,-0.11,0.0991551,-0.00113164,0.0775
2017,30.3329,399,0.0895412,0,0.0416667,0.0616041,0.186302,0.130712,-0.0091042,5.41017,3.375e-05,0.0101956,0.396184,13536,0.639254,0.268549,-0.4,0.25,1,16.2503,2.47849e+07,1.32952,0.755843,0,0.0510179,-0.0586575,nan,-0.05315,nan,nan,nan,nan,-0.00873114,-0.029332,-0.00887283,nan,-0.0805201,0,-0.0274767,-0.145487,nan,-0.11607,-0.0598522,-0.0972177,-0.178978,-0.079,0.108158,-0.00151607,0.135
2018,38.258,416.333,0.090261,0,0.125,0.0605611,0.186571,0.155185,-0.00814702,5.40839,2.25e-05,0.00995377,0.396139,13756,0.619224,0.274057,-0.4,0.25,1,17.1449,2.47972e+07,1.64361,0.93553,0,0.0614741,-0.0534085,nan,-0.0666333,nan,nan,nan,nan,-0.00725891,-0.0306416,-0.00907482,nan,-0.0799564,0,-0.0049945,-0.143877,nan,-0.0980485,-0.0490512,-0.115737,-0.159101,-0.106,0.113173,-0.00184239,0.0666667
2019,41.5948,456,0.0918426,0,0.0416667,0.0597002,0.183887,0.120986,-0.0108041,5.40673,7.59375e-05,0.0138673,0.396001,13874.8,0.621269,0.264363,-0.4,0.25,1,18.0319,2.48095e+07,1.72333,1.02185,0,0.0648824,-0.0631553,nan,-0.0699,nan,nan,nan,nan,-0.0097674,-0.0316898,-0.0106142,nan,-0.0897852,0,-0.0130813,-0.160003,nan,-0.111679,-0.065682,-0.111599,-0.190537,-0.098,0.122667,-0.00106882,0.1
2020,38.2415,466.333,0.0916963,0,0.125,0.0600753,0.186748,0.193648,-0.0115418,5.40294,3.375e-05,0.0125379,0.395935,14163.9,0.607076,0.260481,-0.4,0.25,1,18.9008,2.48218e+07,1.63744,1.0066,0,0.0720384,-0.0605137,nan,-0.0726833,nan,nan,nan,nan,-0.00818856,-0.0325604,-0.010088,nan,-0.0896833,0,-0.0179315,-0.161815,nan,-0.10468,-0.0352019,-0.17284,-0.181076,-0.138667,0.123507,-0.00136332,0.115833
2021,41.1166,486.5,0.0908029,0,0.0833333,0.0626389,0.181753,0.15041,-0.0128583,5.40001,3.375e-05,0.0124071,0.395778,13636.7,0.639508,0.261588,-0.4,0.25,1,19.8031,2.4834e+07,1.99767,1.09132,0,0.0499763,-0.0676174,nan,-0.04995,nan,nan,nan,nan,-0.00710744,-0.0287796,-0.00741723,nan,-0.0943238,0,-0.0220294,-0.170715,nan,-0.24856,-0.0612608,-0.0832193,-0.2028,-0.121,0.130295,-0.00154206,0.075
2022,48.6884,521.5,0.0910984,0,0.0833333,0.0621888,0.183649,0.223983,-0.0112558,5.39605,0.000113906,0.0148024,0.395731,13850.1,0.613273,0.273941,-0.4,0.25,1,20.6916,2.48463e+07,2.0997,1.17855,0,0.0876029,-0.0667312,nan,-0.094575,nan,nan,nan,nan,-0.00794046,-0.0348011,-0.0109012,nan,-0.102,0,-0.00136542,-0.164259,nan,-0.0993369,-0.0274741,-0.19382,-0.193715,-0.171,0.14368,-0.00151351,0.08375
2023,42.3897,461,0.0927365,0,0.125,0.0605988,0.180636,0.215819,-0.0138409,5.3994,3.375e-05,0.0175228,0.395882,13858.1,0.620685,0.266015,-0.4,0.25,1,21.5797,2.48586e+07,1.85507,1.07508,0,0.0669495,-0.0617033,nan,-0.0690333,nan,nan,nan,nan,-0.0073065,-0.0307195,-0.00961841,nan,-0.0878752,0,-0.00325288,-0.154178,nan,-0.129814,-0.0400825,-0.133364,-0.179131,-0.128667,0.124016,-0.00127115,0.0733333
2024,nan,nan,0.091187,0,0,0.0627819,0.177714,0.179957,-0.0148724,5.40014,0.000170859,0.0183129,0.395776,14163.9,0.605795,0.26176,-0.4,0.25,1,22.4485,2.48709e+07,nan,nan,nan,nan,nan,nan,nan,nan,nan,nan,nan,nan,nan,nan,nan,nan,nan,nan,nan,nan,nan,nan,nan,nan,nan,nan,nan,nan
2025,50.3502,581,0.0912653,0,0.0833333,0.0610348,0.182586,0.15733,-0.0161925,5.39405,2.25e-05,0.0175147,0.395493,14067.6,0.611446,0.262049,-0.4,0.25,1,23.3232,2.48832e+07,2.2354,1.30426,0,0.100863,-0.0712748,nan,-0.110375,nan,nan,nan,nan,-0.00865198,-0.0398942,-0.01221,nan,-0.107843,0,0,-0.182382,nan,-0.103669,-0.0416526,-0.302351,-0.201446,-0.19,0.157827,-0.00183433,0.06375
2026,nan,nan,0.0913666,0,0,0.0619448,0.177933,0.151948,-0.012525,5.39015,0.000113906,0.0170841,0.395444,13183.1,0.615183,0.316918,-0.4,0.25,1,24.2565,2.48955e+07,nan,nan,nan,nan,nan,nan,nan,nan,nan,nan,nan,nan,nan,nan,nan,nan,nan,nan,nan,nan,nan,nan,nan,nan,nan,nan,nan,nan
2027,56.6113,634.5,0.0905417,0,0.166667,0.0623413,0.181422,0.163478,-0.0134923,5.39018,0.000113906,0.0154997,0.395446,8713.92,0.921267,0.48889,-0.4,0.25,1,25.6681,2.49078e+07,2.59881,1.44472,0,0.0953776,-0.0784151,nan,-0.0944875,nan,nan,nan,nan,-0.00726609,-0.0370313,-0.0110194,nan,-0.118524,0,-0.000689381,-0.195027,nan,-0.182123,-0.0371329,-0.238188,-0.221529,-0.184,0.172034,-0.00208798,0.066875
2028,56.7058,661,0.0941008,0,0.0833333,0.0592186,0.183449,0.170617,-0.00967555,5.39053,1e-05,0.0199495,0.395415,9617.89,0.891256,0.386363,-0.4,0.25,1,26.9479,2.49201e+07,2.35627,1.51667,0,0.111356,-0.0860446,nan,-0.097725,nan,nan,nan,nan,-0.0114907,-0.0437136,-0.0137124,nan,-0.127174,0,-0.00219595,-0.234298,nan,-0.125097,-0.0629201,-0.219728,-0.252007,-0.2015,0.174601,-0.00223936,0.13
2029,62.5319,685.25,0.0954133,0,0.166667,0.0574713,0.181584,0.205702,-0.00618556,5.38982,1e-05,0.01846,0.395375,9645.03,0.839467,0.434557,-0.4,0.25,1,28.2237,2.49324e+07,2.67279,1.58866,0,0.110877,-0.0879685,nan,-0.1036,nan,nan,nan,nan,-0.00962814,-0.0418769,-0.0127327,nan,-0.131222,0,-0.00527276,-0.224446,nan,-0.153944,-0.0503069,-0.233236,-0.254437,-0.214,0.189118,-0.00236011,0.115
2030,68.2175,701.5,0.0940897,0,0.0833333,0.0593736,0.182315,0.160745,-0.00802339,5.38838,2.25e-05,0.013224,0.395288,10343.9,0.846786,0.341156,-0.4,0.25,1,29.4135,2.49446e+07,2.9286,1.61573,0,0.126373,-0.0886203,nan,-0.126175,nan,nan,nan,nan,-0.00988198,-0.0444243,-0.0150243,nan,-0.132356,0,-3.74283e-05,-0.227151,nan,-0.117802,-0.0562781,-0.254193,-0.254243,-0.2325,0.191494,-0.002116,0.0775
2031,61.3237,732.5,0.0930738,0,0.0833333,0.0593903,0.186508,0.143143,-0.0118165,5.38385,0.000113906,0.0140392,0.395099,9943.44,0.80301,0.43278,-0.4,0.25,1,30.6507,2.49569e+07,2.79623,1.53363,0,0.121313,-0.0915071,nan,-0.137825,nan,nan,nan,nan,-0.0105191,-0.0510603,-0.0169934,nan,-0.139722,0,-0.00831666,-0.239436,nan,-0.145085,-0.0534508,-0.306847,-0.264849,-0.2385,0.199491,-0.00270948,0.08875
2032,65.5407,765,0.094405,0,0.0833333,0.0590009,0.178052,0.210797,-0.0125988,5.37544,7.59375e-05,0.0137373,0.394905,9215.82,0.942016,0.391344,-0.4,0.25,1,31.9857,2.49692e+07,2.88041,1.65218,0,0.127393,-0.100807,nan,-0.12835,nan,nan,nan,nan,-0.0121101,-0.0555905,-0.0166366,nan,-0.148395,0,-0.0138448,-0.258448,nan,-0.150419,-0.0507143,-0.302668,-0.284444,-0.226,0.20464,-0.00274455,0.1175
2033,60.6827,776,0.0941268,0,0.0416667,0.0594738,0.178036,0.136541,-0.0119162,5.36964,2.25e-05,0.0184432,0.394705,9039.58,0.862499,0.496856,-0.4,0.25,1,33.3468,2.49815e+07,2.81599,1.47315,0,0.130562,-0.0948113,nan,-0.14295,nan,nan,nan,nan,-0.0108143,-0.0519247,-0.0160571,nan,-0.145867,0,-0.00731595,-0.235852,nan,-0.228042,-0.0865329,-0.34764,-0.272005,-0.289,0.20894,-0.00266115,0.1075
2034,60.649,636,0.0961182,0,0.0833333,0.0578517,0.165026,0.193651,-0.00729557,5.36709,3.375e-05,0.0128048,0.394647,9501.36,0.787044,0.506245,-0.4,0.25,1,34.6416,2.49938e+07,2.64967,1.49021,0,0.0945704,-0.0799798,nan,-0.090075,nan,nan,nan,nan,-0.00736221,-0.0342626,-0.00991012,nan,-0.119408,0,-0.00654824,-0.203675,nan,-0.183794,-0.0321812,-0.104173,-0.229856,-0.2055,0.174382,-0.00186672,0.08375
2035,79.2824,828,0.0946546,0,0.0416667,0.0582466,0.172361,0.118521,-0.0126745,5.36411,0.000170859,0.015828,0.39444,8371.86,0.926326,0.541449,-0.4,0.25,1,36.111,2.50061e+07,3.40941,1.70669,0,0.135253,-0.108552,nan,-0.129,nan,nan,nan,nan,-0.0154521,-0.0599809,-0.0179132,nan,-0.158963,0,-0.0351824,-0.275015,nan,-0.167796,-0.0783141,-0.173059,-0.325627,-0.183,0.224437,-0.00266208,0.14
2036,74.5934,850.5,0.0932907,0,0.0833333,0.0589703,0.181383,0.140906,-0.0108096,5.35711,3.375e-05,0.0109316,0.394256,7963.46,0.993652,0.549396,-0.4,0.25,1,37.6563,2.50184e+07,3.52365,1.94186,0,0.0970408,-0.108489,nan,-0.10175,nan,nan,nan,nan,-0.00860812,-0.0377726,-0.0127257,nan,-0.159678,0,-0.0105234,-0.272794,nan,-0.341651,-0.0457663,-0.174942,-0.311595,-0.2205,0.233127,-0.00242479,0.0775
2037,86.9993,888,0.0939689,0,0.0416667,0.0588017,0.181945,0.115413,-0.00884444,5.35315,3.375e-05,0.0107171,0.394119,9010.29,0.872825,0.490949,-0.4,0.25,1,39.022,2.50307e+07,3.90359,1.90704,0,0.147913,-0.110801,nan,-0.163,nan,nan,nan,nan,-0.013922,-0.0566523,-0.0187559,nan,-0.168278,0,-0.00478193,-0.26117,nan,-0.172875,-0.0849775,-0.359796,-0.316355,-0.292,0.240337,-0.00257338,0.1225
2038,52.5247,573.5,0.0952966,0,0.0833333,0.0575616,0.174902,0.159018,-0.0115953,5.34656,7.59375e-05,0.0125485,0.393862,10087.3,0.793901,0.42426,-0.4,0.25,1,40.2417,2.50429e+07,2.33076,1.37792,0,0.0749661,-0.0722399,nan,-0.072025,nan,nan,nan,nan,-0.00713303,-0.0298607,-0.0089557,nan,-0.105821,0,-0.00273263,-0.18843,nan,-0.195424,-0.0388075,-0.108792,-0.207405,-0.158,0.154234,-0.00146669,0.07625
2039,83.9314,929.333,0.0960222,0,0.125,0.0583775,0.17257,0.218217,-0.00790667,5.33785,1e-05,0.0191335,0.393699,8277.27,0.891868,0.592679,-0.4,0.25,1,41.7276,2.50552e+07,3.70754,2.07141,0,0.144768,-0.117326,nan,-0.14905,nan,nan,nan,nan,-0.0127606,-0.0568318,-0.0176181,nan,-0.176318,0,-0.00960897,-0.280798,nan,-0.222499,-0.0562562,-0.372811,-0.335022,-0.264,0.254249,-0.00298315,0.163333
2040,91.2062,952,0.0950598,0,0.0833333,0.0591734,0.174205,0.189668,-0.00797297,5.33544,5.0625e-05,0.0125367,0.393658,8883.32,0.959116,0.42415,-0.4,0.25,1,43.1131,2.50675e+07,3.9581,2.15591,0,0.169548,-0.119897,nan,-0.170875,nan,nan,nan,nan,-0.0134641,-0.064886,-0.0213133,nan,-0.179872,0,-0.00332997,-0.295252,nan,-0.162748,-0.0509425,-0.424691,-0.340198,-0.2975,0.260493,-0.0029039,0.13625
2041,61.9257,701.333,0.0951871,0,0.125,0.0594901,0.168035,0.183866,-0.0108144,5.33174,5.0625e-05,0.0111503,0.393479,9442.91,0.861443,0.43985,-0.4,0.25,1,44.4162,2.50798e+07,2.78146,1.59078,0,0.104325,-0.0889854,nan,-0.1034,nan,nan,nan,nan,-0.00939947,-0.0411239,-0.0129425,nan,-0.132897,0,-0.005281,-0.219744,nan,-0.188811,-0.0458999,-0.217771,-0.258854,-0.212667,0.191339,-0.00214285,0.0833333
2042,92.0841,997.8,0.093549,17.5833,0.0833333,0.0577229,0.177077,0.127455,-0.0100299,5.32425,1.5e-05,0.0162103,0.39325,9104.81,0.907191,0.442426,-0.4,0.25,1,45.7673,2.50921e+07,4.09332,2.26114,0,0.149401,-0.125318,nan,-0.147076,nan,nan,nan,nan,-0.0123722,-0.0571134,-0.0172876,nan,-0.18709,0,-0.00524983,-0.316321,nan,-0.274111,-0.0554964,-0.276468,-0.358081,-0.287658,0.27206,-0.00313925,0.13444
2043,91.7755,987,0.0976465,0.208333,0.0416667,0.0542146,0.168134,0.11035,-0.00926837,5.31829,0.000113906,0.0133365,0.392951,9099.98,0.881886,0.468446,-0.4,0.25,1,47.12,2.51044e+07,4.16764,2.24816,0,0.136209,-0.123551,nan,-0.125925,nan,nan,nan,nan,-0.0103672,-0.0493466,-0.0145447,nan,-0.183491,0,-0.00134944,-0.312114,nan,-0.315823,-0.0602605,-0.21476,-0.350201,-0.2775,0.268298,-0.00320629,0.111667
2044,51.2564,590,0.0977268,0.166667,0.125,0.0560469,0.169858,0.135217,-0.00649286,5.30699,1e-05,0.0161587,0.392716,9500.72,0.895011,0.398364,-0.4,0.25,1,48.4153,2.51167e+07,2.44573,1.33978,0,0.0709416,-0.0737177,nan,-0.0579714,nan,nan,nan,nan,-0.00519809,-0.0228756,-0.00703748,nan,-0.109184,0,-0.002265,-0.186966,nan,-0.236197,-0.0340374,-0.128669,-0.208399,-0.162,0.161642,-0.00177858,0.0632143
2045,76.0226,809.6,0.098413,0.166667,0.0416667,0.0566596,0.16439,0.0820509,-0.00706134,5.30208,5.0625e-05,0.0126697,0.392501,10086.6,0.83077,0.387482,-0.4,0.25,1,49.6364,2.5129e+07,3.31605,1.81255,0,0.135006,-0.100417,nan,-0.13022,nan,nan,nan,nan,-0.011537,-0.0542239,-0.0160737,nan,-0.150839,0,-0.00800563,-0.262514,nan,-0.170186,-0.0569963,-0.283266,-0.290525,-0.2344,0.222048,-0.00274773,0.1295
2046,24.4971,321,0.0986497,0.0416667,0.125,0.0567154,0.164993,0.148665,-0.00608328,5.29377,2.25e-05,0.0123869,0.392284,10243.3,0.804879,0.39474,-0.4,0.25,1,50.8376,2.51412e+07,1.25424,0.749178,0,0.0353506,-0.0383254,nan,-0.037925,nan,nan,nan,nan,-0.00211017,-0.0114913,-0.00407243,nan,-0.0592334,0,-0.000237565,-0.0973508,nan,-0.144905,-0.0174216,-0.115454,-0.109273,-0.11525,0.0883665,-0.000892925,0.001875
2047,84.1534,902,0.100262,0.333333,0.0416667,0.0556041,0.168031,0.150119,-0.00683397,5.29008,5.0625e-05,0.0104725,0.392166,9250.18,0.909333,0.419074,-0.4,0.25,1,52.1676,2.51535e+07,3.63964,2.08374,0,0.145646,-0.114996,nan,-0.146589,nan,nan,nan,nan,-0.0124777,-0.0560174,-0.0180596,nan,-0.170481,0,-0.00520764,-0.286737,nan,-0.208798,-0.0546942,-0.272194,-0.326413,-0.271667,0.244596,-0.00288946,0.119722
2048,40.2272,428.333,0.0994846,0.0416667,0.0833333,0.0561279,0.167004,0.137622,-0.00541757,5.28528,1e-05,0.0171758,0.392008,11166.4,0.758646,0.341795,-0.4,0.25,1,53.2697,2.51658e+07,1.82626,0.95734,0,0.0644501,-0.0510052,nan,-0.0660333,nan,nan,nan,nan,-0.00503284,-0.0206898,-0.00637722,nan,-0.0784852,0,-9.75985e-07,-0.132468,nan,-0.118326,-0.0348552,-0.129352,-0.142055,-0.136,0.116181,-0.00114913,0.0433333
2049,49.7917,551.75,0.0983962,0.0416667,0.125,0.0577623,0.170959,0.198127,-0.00701094,5.28128,3.375e-05,0.0112435,0.391848,11121,0.725536,0.379397,-0.4,0.25,1,54.376,2.51781e+07,2.22086,1.22636,0,0.0852196,-0.0671985,nan,-0.0935,nan,nan,nan,nan,-0.00656129,-0.0316068,-0.0106499,nan,-0.104278,0,-0.00413159,-0.167594,nan,-0.144272,-0.033146,-0.138879,-0.192265,-0.18925,0.15136,-0.00165486,0.064375
2050,53.4095,593,0.0957286,0.0833333,0.0833333,0.0604033,0.16684,0.212968,-0.00319383,5.27591,1e-05,0.0181801,0.391704,10182.8,0.796823,0.409923,-0.4,0.25,1,55.5844,2.51904e+07,2.43044,1.34145,0,0.0821737,-0.0728424,nan,-0.0851125,nan,nan,nan,nan,-0.00646648,-0.0309257,-0.00935969,nan,-0.109122,0,-0.00272089,-0.181363,nan,-0.192864,-0.0322402,-0.143896,-0.208318,-0.15975,0.162173,-0.00169464,0.061875
2051,64.5448,610.5,0.0948176,0.0416667,0.0416667,0.0598539,0.169026,0.186333,-0.00819643,5.27365,5.0625e-05,0.0106424,0.391642,10373.2,0.763827,0.420764,-0.4,0.25,1,56.7706,2.52027e+07,2.67596,1.41253,0,0.108814,-0.0755731,nan,-0.112025,nan,nan,nan,nan,-0.00933771,-0.0449101,-0.0124473,nan,-0.111319,0,-0.00713456,-0.19303,nan,-0.106923,-0.0331089,-0.147107,-0.21491,-0.1595,0.165352,-0.00190826,0.08875
2052,51.3977,570,0.0946058,0.0416667,0.0833333,0.0598209,0.166314,0.136602,-0.00887928,5.27062,5.0625e-05,0.00864564,0.391505,11644.3,0.748494,0.306788,-0.4,0.25,1,57.8274,2.5215e+07,2.23848,1.25991,0,0.0827063,-0.0712994,nan,-0.0821667,nan,nan,nan,nan,-0.00849412,-0.0324655,-0.010487,nan,-0.105721,0,-0.0130893,-0.18364,nan,-0.160986,-0.0428452,-0.11648,-0.209393,-0.141667,0.15359,-0.00168287,0.106667
2053,78.3189,852.6,0.0967411,0.166667,0.0416667,0.0575976,0.167523,0.133433,-0.0115653,5.26291,0.000113906,0.0135452,0.391095,10344.2,0.762453,0.42546,-0.4,0.25,1,59.0171,2.52273e+07,3.44253,2.00061,0,0.126502,-0.104456,nan,-0.12512,nan,nan,nan,nan,-0.0100778,-0.0462237,-0.0137473,nan,-0.157853,0,-0.00158801,-0.270062,nan,-0.242921,-0.0458339,-0.237399,-0.299669,-0.2474,0.233095,-0.00259562,0.0995
2054,25.7727,276,0.0956395,0,0.0416667,0.0588408,0.173195,0.115473,-0.0153211,5.2465,7.59375e-05,0.0108355,0.390645,9737.7,0.831287,0.430613,-0.4,0.25,1,60.2805,2.52396e+07,1.14235,0.593888,0,0.0426222,-0.0313523,nan,-0.0744,nan,nan,nan,nan,-0.00322337,-0.0200638,-0.00794027,nan,-0.0517228,0,0,-0.0636852,nan,-0.0624901,-0.0163394,-0.101597,-0.0871602,-0.102,0.0749763,-0.0006588,0.0075
2055,93.0543,1000,0.0953201,0.125,0,0.0598336,0.167749,0.11623,-0.0175516,5.2354,0.000170859,0.0159517,0.390286,10583.7,0.755865,0.405165,-0.4,0.25,1,61.4433,2.52518e+07,4.31781,2.41232,0,0.108202,-0.123568,nan,-0.0865333,nan,nan,nan,nan,-0.00850348,-0.0375379,-0.0107732,nan,-0.182278,0,-0.0145883,-0.301935,nan,-0.420143,-0.0514674,-0.136434,-0.35298,-0.263,0.274455,-0.00276134,0.0866667
2056,26.9129,327,0.0963125,0,0.0416667,0.0591239,0.164682,0.150317,-0.0119159,5.22425,0.000113906,0.0128867,0.389976,10883.5,0.776496,0.352548,-0.4,0.25,1,62.574,2.52641e+07,1.25472,0.857888,0,0.0261576,-0.0393864,nan,-0.0155,nan,nan,nan,nan,-0.00195455,-0.00615743,-0.00201792,nan,-0.058337,0,-0.00158053,-0.103148,nan,-0.171769,-0.0175817,-0.0430207,-0.114011,-0.083,0.0919836,-0.000843525,0.03
2057,85.1655,1000,0.0945457,0.125,0,0.0611115,0.165515,0.114523,-0.0155911,5.21337,1.5e-05,0.0169254,0.389728,9024.94,0.829551,0.532009,-0.4,0.25,1,63.9372,2.52764e+07,4.17223,2.41791,0,0.0889531,-0.119657,nan,-0.0568667,nan,nan,nan,nan,-0.004456,-0.0217932,-0.00628959,nan,-0.181728,0,-0.00046036,-0.298497,nan,-0.508713,-0.0465395,-0.0897146,-0.338286,-0.276667,0.275035,-0.00297964,0.04
2058,55.6349,688.5,0.0958524,0.0416667,0.0416667,0.0594063,0.170044,0.135987,-0.00963275,5.21102,1e-05,0.0188154,0.389728,9122.97,0.866336,0.480594,-0.4,0.25,1,65.2859,2.52887e+07,2.73855,1.5836,0,0.0734464,-0.0791354,nan,-0.06075,nan,nan,nan,nan,-0.00340092,-0.0170663,-0.00651851,nan,-0.12206,0,0,-0.201612,nan,-0.294656,-0.0226811,-0.147645,-0.220252,-0.2025,0.191268,-0.00186186,0.01
2059,85.4544,1000,0.0968941,0.0833333,0,0.0589444,0.165448,0.100107,-0.0108326,5.21074,0.000113906,0.0131475,0.389675,9930.72,0.820349,0.417024,-0.4,0.25,1,66.5247,2.5301e+07,3.95855,2.37636,0,0.118545,-0.11805,nan,-0.10565,nan,nan,nan,nan,-0.0091522,-0.0386292,-0.0127413,nan,-0.181461,0,-0.00131187,-0.314254,nan,-0.386966,-0.0593591,-0.230076,-0.343608,-0.279,0.273732,-0.00305702,0.05875
2060,75.2114,827.667,0.0974071,0.0833333,0.0416667,0.0576074,0.167821,0.100833,-0.0116294,5.20432,5.0625e-05,0.0108923,0.389441,10370.6,0.739962,0.444925,-0.4,0.25,1,67.7118,2.53133e+07,3.44259,1.93771,0,0.107958,-0.0970171,nan,-0.09915,nan,nan,nan,nan,-0.00674284,-0.0309125,-0.0105493,nan,-0.148817,0,-0.00089612,-0.249557,nan,-0.295196,-0.0358697,-0.153026,-0.273542,-0.25,0.22764,-0.00228111,0.0633333
2061,95.1206,1000,0.0964982,0.0833333,0,0.0597596,0.160238,0.116266,-0.0117381,5.19595,5.0625e-05,0.0104134,0.389155,9617.64,0.809902,0.46775,-0.4,0.25,1,68.991,2.53256e+07,4.24196,2.31859,0,0.144085,-0.122438,nan,-0.12845,nan,nan,nan,nan,-0.0114697,-0.048802,-0.0139923,nan,-0.183408,0,-0.0121311,-0.316994,nan,-0.302694,-0.0506387,-0.232462,-0.354408,-0.257,0.273754,-0.00279131,0.1125
2062,81.9375,868.25,0.0986594,0.125,0.0416667,0.0571973,0.16394,0.133881,-0.00973921,5.18735,3.375e-05,0.0120907,0.388938,9160.21,0.837826,0.503628,-0.4,0.25,1,70.3343,2.53379e+07,3.74163,2.08505,0,0.117658,-0.10201,nan,-0.119412,nan,nan,nan,nan,-0.00748563,-0.0402971,-0.0127114,nan,-0.158974,0,-0.000567395,-0.259089,nan,-0.295915,-0.0414267,-0.192853,-0.292302,-0.25925,0.239116,-0.00253319,0.045
2063,59.6417,669,0.0986584,0.0416667,0.0833333,0.0563778,0.169501,0.104536,-0.0116076,5.18018,0.000170859,0.0161638,0.388645,10741.3,0.799303,0.344695,-0.4,0.25,1,71.48,2.53501e+07,2.80069,1.62524,0,0.0752865,-0.0795102,nan,-0.0577333,nan,nan,nan,nan,-0.00572889,-0.021801,-0.00643668,nan,-0.120576,0,-0.00203012,-0.209961,nan,-0.277766,-0.0493121,-0.126838,-0.222505,-0.188333,0.183619,-0.0020443,0.0433333
2064,74.652,842.667,0.0975854,0.0833333,0.0416667,0.0577962,0.173173,0.134701,-0.0120072,5.17022,5.0625e-05,0.0128409,0.388413,10714.8,0.719648,0.427172,-0.4,0.25,1,72.6286,2.53624e+07,3.33345,1.98283,0,0.122303,-0.101932,nan,-0.116883,nan,nan,nan,nan,-0.00891731,-0.0408532,-0.0131478,nan,-0.154999,0,-0.00166836,-0.258328,nan,-0.251644,-0.0463488,-0.222696,-0.289355,-0.274667,0.232257,-0.00251179,0.0816667
2065,76.9377,821,0.0958541,0.125,0.0833333,0.0596526,0.166998,0.147624,-0.0132727,5.16299,7.59375e-05,0.0132742,0.388137,10401.3,0.797117,0.384278,-0.4,0.25,1,73.8117,2.53747e+07,3.28884,1.92981,0,0.126314,-0.0999221,nan,-0.12518,nan,nan,nan,nan,-0.0103041,-0.0446286,-0.014869,nan,-0.153562,0,-0.00442677,-0.253241,nan,-0.210789,-0.0460545,-0.167147,-0.294512,-0.2474,0.223728,-0.00250025,0.0985
2066,81.6328,854.667,0.0951925,0.0833333,0.0416667,0.0600498,0.173929,0.114555,-0.0166201,5.15298,0.000113906,0.0195884,0.387626,9771.4,0.832121,0.425426,-0.4,0.25,1,75.0707,2.5387e+07,3.45134,2.0305,0,0.131758,-0.105913,nan,-0.145983,nan,nan,nan,nan,-0.0115587,-0.0499535,-0.0174569,nan,-0.158177,0,-0.0128161,-0.26074,nan,-0.217065,-0.0441699,-0.198334,-0.300883,-0.246667,0.232069,-0.00213221,0.108333
2067,nan,nan,0.096055,0,0,0.0596139,0.167812,0.146928,-0.0126742,5.14429,0.000256289,0.0174769,0.387508,11075.5,0.788488,0.320985,-0.4,0.25,1,76.1816,2.53993e+07,nan,nan,nan,nan,nan,nan,nan,nan,nan,nan,nan,nan,nan,nan,nan,nan,nan,nan,nan,nan,nan,nan,nan,nan,nan,nan,nan,nan
2068,70.8602,741.667,0.0973697,0.0416667,0.0833333,0.0588866,0.166416,0.106967,-0.0140405,5.13917,7.59375e-05,0.00971194,0.387247,10737.3,0.760628,0.383799,-0.4,0.25,1,77.3274,2.54116e+07,2.93869,1.83267,0,0.101153,-0.0939374,nan,-0.107233,nan,nan,nan,nan,-0.0109502,-0.0406719,-0.012326,nan,-0.137109,0,-0.0188981,-0.225,nan,-0.214017,-0.0626477,-0.165527,-0.273098,-0.173,0.203804,-0.00190042,0.110833
2069,88.6658,912.25,0.096159,0.125,0.0416667,0.0598526,0.168164,0.103769,-0.0153233,5.12533,0.000170859,0.015044,0.386742,10706.8,0.747328,0.400351,-0.4,0.25,1,78.4767,2.54239e+07,3.88123,2.15146,0,0.138107,-0.106249,nan,-0.148212,nan,nan,nan,nan,-0.00998575,-0.0472916,-0.0152887,nan,-0.164374,0,-0.000386304,-0.266589,nan,-0.247498,-0.0514685,-0.224346,-0.300305,-0.25475,0.252173,-0.00249486,0.07125
2070,82.7276,893,0.0963616,0.0833333,0.0416667,0.0598327,0.163761,0.142268,-0.00838317,5.11452,1.5e-05,0.0148743,0.386563,10175.9,0.801593,0.405964,-0.4,0.25,1,79.6859,2.54362e+07,3.70724,2.11744,0,0.120946,-0.108776,nan,-0.124367,nan,nan,nan,nan,-0.00955181,-0.0462753,-0.0145608,nan,-0.164283,0,-0.00892322,-0.280981,nan,-0.283026,-0.0573579,-0.20326,-0.308848,-0.255667,0.246577,-0.00276532,0.0841667
2071,76.3765,815.375,0.0983718,0.208333,0.125,0.0571933,0.170206,0.15173,-0.010931,5.11171,0.000113906,0.0147723,0.386435,11640.4,0.708181,0.347449,-0.4,0.25,1,80.7428,2.54484e+07,3.48062,1.94326,0,0.102182,-0.0959858,nan,-0.0978187,nan,nan,nan,nan,-0.00719822,-0.0338248,-0.0105791,nan,-0.147101,0,-0.00166651,-0.25154,nan,-0.299378,-0.0462247,-0.139448,-0.271684,-0.22075,0.223433,-0.00234314,0.0575
2072,105.138,1000,0.098559,0.0416667,0,0.057934,0.167962,0.104405,-0.0119559,5.10401,5.0625e-05,0.0119782,0.386213,10842.5,0.749588,0.383733,-0.4,0.25,1,81.8778,2.54607e+07,4.35185,2.31538,0,0.181008,-0.123045,nan,-0.1864,nan,nan,nan,nan,-0.0147458,-0.0645863,-0.0214409,nan,-0.182092,0,-0.00105598,-0.297022,nan,-0.166072,-0.049219,-0.320423,-0.362792,-0.245,0.277836,-0.00253502,0.1625
2073,73.313,761.667,0.0974063,0.0416667,0.0833333,0.0589427,0.169971,0.12937,-0.00988046,5.09833,2.25e-05,0.0138699,0.386064,10219.6,0.75501,0.447384,-0.4,0.25,1,83.0816,2.5473e+07,3.13234,1.72409,0,0.134094,-0.0934145,nan,-0.14715,nan,nan,nan,nan,-0.0114296,-0.0510347,-0.0174249,nan,-0.140157,0,-0.00802109,-0.234254,nan,-0.132426,-0.0523251,-0.263086,-0.266283,-0.244667,0.208609,-0.00228351,0.0991667
2074,66.461,713.333,0.100254,0.0833333,0.0416667,0.0568958,0.160275,0.108353,-0.00717485,5.09449,1e-05,0.0171545,0.385945,10149.7,0.851422,0.359255,-0.4,0.25,1,84.2941,2.54853e+07,3.033,1.62722,0,0.10116,-0.0857605,nan,-0.0998833,nan,nan,nan,nan,-0.00736399,-0.035196,-0.010392,nan,-0.129643,0,-0.00144432,-0.214072,nan,-0.224508,-0.0406948,-0.16678,-0.24484,-0.214,0.194918,-0.00180513,0.0541667
2075,99.6447,1000,0.100983,0.0416667,0,0.0561817,0.162458,0.0854898,-0.00732894,5.0915,7.59375e-05,0.0112256,0.385794,11285.9,0.708927,0.379869,-0.4,0.25,1,85.3845,2.54976e+07,3.99431,2.29757,0,0.186361,-0.115188,nan,-0.18715,nan,nan,nan,nan,-0.0146542,-0.0737298,-0.0193593,nan,-0.179107,0,-0.000532019,-0.306271,nan,-0.155164,-0.0604417,-0.169405,-0.329382,-0.268,0.275412,-0.004075,0.0925
2076,nan,nan,0.0993317,0,0,0.0580594,0.162656,0.0978322,-0.0135588,5.08537,0.000170859,0.0167399,0.385554,10845,0.758954,0.374103,-0.4,0.25,1,86.519,2.55099e+07,nan,nan,nan,nan,nan,nan,nan,nan,nan,nan,nan,nan,nan,nan,nan,nan,nan,nan,nan,nan,nan,nan,nan,nan,nan,nan,nan,nan
2077,82.6809,820.8,0.0993516,0.0833333,0.125,0.0575031,0.166652,0.15334,-0.0121742,5.07798,0.000113906,0.0144644,0.385424,11038.5,0.747279,0.365917,-0.4,0.25,1,87.6335,2.55222e+07,3.47504,1.95816,0,0.133673,-0.0941001,nan,-0.13066,nan,nan,nan,nan,-0.00989656,-0.0464147,-0.0137977,nan,-0.146452,0,-0.00164566,-0.244563,nan,-0.195105,-0.0403952,-0.192894,-0.268825,-0.2138,0.224557,-0.00247466,0.0925
2078,61.2035,691,0.0999519,0.0416667,0.0416667,0.0578114,0.160906,0.131235,-0.0123581,5.07305,1.5e-05,0.0170233,0.385289,11202.1,0.696688,0.400249,-0.4,0.25,1,88.7318,2.55345e+07,2.90211,1.5694,0,0.0846466,-0.0798291,nan,-0.07355,nan,nan,nan,nan,-0.00490449,-0.0248716,-0.00764718,nan,-0.124223,0,0,-0.209535,nan,-0.264761,-0.0309053,-0.112604,-0.225529,-0.194,0.189055,-0.00183483,0.04
2079,84.4488,900,0.0996655,0.0416667,0.0833333,0.057433,0.160266,0.160465,-0.00952254,5.07098,7.59375e-05,0.013113,0.385181,10421,0.800155,0.378999,-0.4,0.25,1,89.9127,2.55468e+07,3.67352,2.10791,0,0.126701,-0.106647,nan,-0.128417,nan,nan,nan,nan,-0.00951394,-0.0438553,-0.0138159,nan,-0.16315,0,-0.00458385,-0.270057,nan,-0.274563,-0.042372,-0.147584,-0.304714,-0.235333,0.243989,-0.00254292,0.08
2080,102.345,973.333,0.0975102,0.0833333,0.0416667,0.0581807,0.171032,0.15948,-0.00749974,5.06808,1e-05,0.0183807,0.385095,10887.5,0.751303,0.377327,-0.4,0.25,1,91.0428,2.5559e+07,4.35357,2.37219,0,0.14961,-0.117008,nan,-0.158983,nan,nan,nan,nan,-0.0115477,-0.0544316,-0.016385,nan,-0.174688,0,-0.00503242,-0.28745,nan,-0.255046,-0.0460077,-0.195343,-0.331739,-0.236,0.267526,-0.00246292,0.0683333
2081,93.6842,977,0.0992888,0.0833333,0.0416667,0.0573165,0.160347,0.171667,-0.0102684,5.06554,0.000113906,0.0150899,0.384944,10741.5,0.724497,0.419476,-0.4,0.25,1,92.1882,2.55713e+07,4.14434,2.31496,0,0.144192,-0.117836,nan,-0.14105,nan,nan,nan,nan,-0.01164,-0.0552052,-0.0153016,nan,-0.178793,0,-0.0123029,-0.306663,nan,-0.272511,-0.0601709,-0.313855,-0.338314,-0.251667,0.266932,-0.0033641,0.108333
2082,95.327,1000,0.100223,0.0833333,0,0.0572391,0.157003,0.113613,-0.0102622,5.05902,5.0625e-05,0.0117265,0.384763,10354.5,0.785054,0.401675,-0.4,0.25,1,93.3765,2.55836e+07,4.29192,2.42209,0,0.122708,-0.118132,nan,-0.110475,nan,nan,nan,nan,-0.00958197,-0.0435531,-0.0117272,nan,-0.179626,0,-0.0106929,-0.29825,nan,-0.371365,-0.0549684,-0.177225,-0.338459,-0.257,0.276315,-0.00282305,0.085
2083,94.5693,990.25,0.099782,0.0833333,0.0833333,0.0576094,0.162758,0.161836,-0.00910746,5.05587,2.25e-05,0.0152323,0.384658,10537.6,0.779092,0.387013,-0.4,0.25,1,94.5442,2.55959e+07,4.23863,2.35573,0,0.131329,-0.114225,nan,-0.126337,nan,nan,nan,nan,-0.00895656,-0.0416206,-0.0127321,nan,-0.176509,0,-0.0122155,-0.286557,nan,-0.331716,-0.052308,-0.183211,-0.324924,-0.27575,0.274067,-0.00271114,0.074375
2084,97.6187,997.416,0.097686,15.9583,0.0833333,0.0551513,0.169447,0.102206,-0.0103425,5.05018,7.59375e-05,0.0148153,0.384343,10980.5,0.775757,0.343316,-0.4,0.25,1,95.6647,2.56082e+07,4.20438,2.38776,0,0.149204,-0.116336,nan,-0.148406,nan,nan,nan,nan,-0.011112,-0.0518015,-0.0160361,nan,-0.179143,0,-0.00499485,-0.300123,nan,-0.277839,-0.0508683,-0.224678,-0.332941,-0.266332,0.273927,-0.00290752,0.102468
2085,95.9956,1000,0.101421,0.375,0,0.0546895,0.153845,0.0842747,-0.0135896,5.03807,0.000170859,0.016809,0.383841,10294.5,0.782907,0.410742,-0.4,0.25,1,96.8599,2.56205e+07,4.24998,2.37786,0,0.137478,-0.115707,nan,-0.134372,nan,nan,nan,nan,-0.00928289,-0.0447947,-0.0146275,nan,-0.17953,0,-0.00339575,-0.292155,nan,-0.327288,-0.0454549,-0.16342,-0.328083,-0.274,0.274583,-0.00286299,0.0683333
2086,75.4929,761,0.101536,0.125,0.0416667,0.0551761,0.157717,0.127281,-0.0074983,5.02988,1.5e-05,0.0165792,0.383707,9556.74,0.814252,0.471542,-0.4,0.25,1,98.1473,2.56328e+07,3.17145,1.78308,0,0.122297,-0.0897133,nan,-0.133025,nan,nan,nan,nan,-0.00967041,-0.0458304,-0.014304,nan,-0.137104,0,-0.00524232,-0.227778,nan,-0.177223,-0.0396207,-0.151236,-0.25805,-0.20475,0.208499,-0.00201406,0.08125
2087,63.8655,655.5,0.0999326,0.208333,0.125,0.0565341,0.159451,0.119904,-0.0119581,5.02716,0.000113906,0.0169606,0.383516,9982.76,0.842145,0.388777,-0.4,0.25,1,99.38,2.56451e+07,2.77123,1.55397,0,0.092362,-0.0745609,nan,-0.0923125,nan,nan,nan,nan,-0.0072553,-0.0318064,-0.00983872,nan,-0.116346,0,-0.0024593,-0.189617,nan,-0.200966,-0.0467982,-0.12366,-0.213519,-0.167125,0.179991,-0.00202329,0.0615625
2088,64.8108,640.2,0.0999775,0.125,0.0833333,0.0570986,0.159907,0.113483,-0.0119034,5.0164,0.000170859,0.0134491,0.383108,11770.2,0.693757,0.350239,-0.4,0.25,1,100.426,2.56573e+07,2.72979,1.51004,0,0.104509,-0.0746242,nan,-0.10167,nan,nan,nan,nan,-0.00836641,-0.0368639,-0.0113743,nan,-0.115254,0,-0.00308509,-0.196228,nan,-0.143686,-0.039839,-0.15346,-0.218522,-0.1604,0.175911,-0.00199189,0.063
2089,99.108,1000,0.101885,0.375,0,0.0544903,0.158137,0.0687925,-0.0149804,4.9983,0.000170859,0.0157479,0.382453,10937,0.744984,0.378546,-0.4,0.25,1,101.551,2.56696e+07,4.33082,2.38434,0,0.142969,-0.116983,nan,-0.132083,nan,nan,nan,nan,-0.0103402,-0.0469268,-0.0140822,nan,-0.178594,0,-0.00636073,-0.29356,nan,-0.310729,-0.0461312,-0.194934,-0.333374,-0.248333,0.274322,-0.00281804,0.100278
2090,96.6765,1000,0.101404,0.208333,0,0.056034,0.155844,0.107462,-0.0135622,4.97841,7.59375e-05,0.0118042,0.382024,10104.3,0.800699,0.415415,-0.4,0.25,1,102.768,2.56819e+07,4.17235,2.37875,0,0.152587,-0.114898,nan,-0.15342,nan,nan,nan,nan,-0.0119026,-0.0536728,-0.0168789,nan,-0.177519,0,-0.010301,-0.306092,nan,-0.27037,-0.0537473,-0.243672,-0.328539,-0.2756,0.273753,-0.00295432,0.104
2091,74.9726,793.5,0.0998764,0.125,0.0416667,0.0572752,0.158213,0.11636,-0.0137168,4.97146,1.5e-05,0.0182945,0.381799,11230.1,0.768597,0.325609,-0.4,0.25,1,103.864,2.56942e+07,3.28616,1.9337,0,0.108309,-0.0893408,nan,-0.106287,nan,nan,nan,nan,-0.00748457,-0.0372999,-0.0118351,nan,-0.140932,0,-0.00401121,-0.230926,nan,-0.263121,-0.0418302,-0.163732,-0.257863,-0.2125,0.217019,-0.00265627,0.07
2092,97.691,1000,0.100129,0.0833333,0,0.0569801,0.15983,0.152697,-0.0121079,4.96812,0.000113906,0.0160919,0.381638,11095.4,0.725707,0.381778,-0.4,0.25,1,104.973,2.57065e+07,4.14345,2.36154,0,0.165393,-0.114689,nan,-0.180125,nan,nan,nan,nan,-0.0112808,-0.0573718,-0.0190088,nan,-0.18037,0,-0.000489921,-0.291945,nan,-0.226501,-0.0497626,-0.235671,-0.319416,-0.276,0.275575,-0.00263688,0.0625
2093,73.5935,763.143,0.0988393,0.166667,0.125,0.0573859,0.162793,0.172614,-0.0105737,4.96288,1e-05,0.0190885,0.381503,11060.4,0.736162,0.374826,-0.4,0.25,1,106.086,2.57188e+07,3.09674,1.81693,0,0.117295,-0.0875456,nan,-0.128643,nan,nan,nan,nan,-0.00959668,-0.0448355,-0.0139856,nan,-0.136437,0,-0.00610709,-0.223072,nan,-0.190726,-0.0434617,-0.228546,-0.251899,-0.188143,0.21034,-0.0024476,0.0828571
2094,99.0734,1000,0.0994749,0.125,0,0.056907,0.165602,0.115331,-0.0119884,4.95939,0.000113906,0.0140671,0.381358,10469.2,0.802382,0.371349,-0.4,0.25,1,107.261,2.57311e+07,4.10728,2.43549,0,0.163741,-0.115428,nan,-0.1647,nan,nan,nan,nan,-0.0129371,-0.0604707,-0.0174802,nan,-0.17766,0,-0.0116132,-0.295312,nan,-0.225815,-0.0533858,-0.287531,-0.333637,-0.237667,0.274528,-0.0029894,0.12
2095,69.6034,689.429,0.0992595,0.166667,0.125,0.056737,0.163366,0.180255,-0.0101587,4.953,2.25e-05,0.0154364,0.381283,10789.6,0.738465,0.400411,-0.4,0.25,1,108.402,2.57434e+07,2.95855,1.67733,0,0.103215,-0.0778474,nan,-0.1052,nan,nan,nan,nan,-0.00733147,-0.0364792,-0.0106419,nan,-0.122555,0,-0.00405248,-0.200997,nan,-0.190303,-0.0380932,-0.146153,-0.222654,-0.176857,0.189672,-0.00204602,0.0646429
2096,56.1479,575.4,0.0988683,0.0833333,0.125,0.057852,0.160177,0.176692,-0.00858408,4.95197,1.5e-05,0.0157308,0.381263,9658.89,0.822409,0.449787,-0.4,0.25,1,109.676,2.57556e+07,2.44377,1.37122,0,0.0759061,-0.0661296,nan,-0.07693,nan,nan,nan,nan,-0.00692587,-0.0279173,-0.00897964,nan,-0.102422,0,-0.0145343,-0.178999,nan,-0.183784,-0.0423737,-0.11708,-0.191456,-0.1358,0.158041,-0.00165704,0.0735
2097,53.6353,538,0.0994358,0.0416667,0.0833333,0.0568522,0.164017,0.113379,-0.00926202,4.94804,0.000170859,0.0165346,0.380906,10698.8,0.747798,0.40074,-0.4,0.25,1,110.826,2.57679e+07,2.29168,1.34027,0,0.0775046,-0.0611959,nan,-0.09255,nan,nan,nan,nan,-0.00716955,-0.0304041,-0.0097226,nan,-0.0960853,0,-0.00998769,-0.164078,nan,-0.159835,-0.0513932,-0.117067,-0.176982,-0.136,0.147981,-0.00152898,0.0375
2098,109.403,1000,0.100855,0.0416667,0,0.0561956,0.162668,0.0922699,-0.015056,4.93491,0.000113906,0.0136607,0.380503,11994,0.696818,0.327698,-0.4,0.25,1,111.852,2.57802e+07,4.35253,2.40799,0,0.20441,-0.108699,nan,-0.2384,nan,nan,nan,nan,-0.0124073,-0.067913,-0.0211166,nan,-0.175928,0,0,-0.271142,nan,-0.123425,-0.031732,-0.145167,-0.30421,-0.342,0.278374,-0.00222165,0.0625
2099,72.8068,747.6,0.0991236,0.125,0.0833333,0.0574148,0.164048,0.110679,-0.0138606,4.92638,7.59375e-05,0.013737,0.3803,10419.3,0.766799,0.412548,-0.4,0.25,1,113.033,2.57925e+07,3.12478,1.75967,0,0.114836,-0.0851397,nan,-0.11867,nan,nan,nan,nan,-0.00900993,-0.0410594,-0.0124404,nan,-0.132266,0,-0.00397419,-0.215749,nan,-0.199939,-0.0477376,-0.19054,-0.243875,-0.1948,0.20669,-0.00245861,0.0805
2100,76.8166,793.667,0.0989073,0.0833333,0.0416667,0.0579763,0.161668,0.123459,-0.0142532,4.92194,0.000113906,0.0172828,0.380219,9644.14,0.805351,0.46879,-0.4,0.25,1,114.309,2.58048e+07,3.4062,1.94364,0,0.0973044,-0.0916039,nan,-0.0879,nan,nan,nan,nan,-0.00716906,-0.0316207,-0.00992989,nan,-0.139186,0,-0.00378794,-0.236582,nan,-0.292977,-0.0392914,-0.151106,-0.260755,-0.206333,0.218959,-0.00241098,0.0783333
2101,92.5688,1000,0.100789,0.0833333,0,0.0562963,0.161685,0.119173,-0.0105997,4.91721,3.375e-05,0.0122173,0.380078,11021,0.726061,0.388904,-0.4,0.25,1,117.506,2.58171e+07,4.16981,2.36591,0,0.123793,-0.114212,nan,-0.114,nan,nan,nan,nan,-0.00872443,-0.0405739,-0.0120776,nan,-0.175748,0,-0.0079248,-0.297256,nan,-0.362704,-0.0423803,-0.205241,-0.325446,-0.247,0.271906,-0.00294141,0.0875
2102,72.6416,717.5,0.104097,0.0416667,0.0416667,0.053437,0.157069,0.0833714,-0.00498513,4.91185,1e-05,0.018167,0.379894,10481.4,0.79453,0.377834,-0.4,0.25,1,118.68,2.58294e+07,3.12832,1.7391,0,0.0934726,-0.0812908,nan,-0.09295,nan,nan,nan,nan,-0.00919916,-0.0390029,-0.0107115,nan,-0.126873,0,-0.017089,-0.218088,nan,-0.233445,-0.0576343,-0.15364,-0.243869,-0.1455,0.196343,-0.00236357,0.0975
2103,89.8142,865.75,0.102695,0.125,0.0416667,0.0547835,0.160444,0.139673,-0.00940676,4.90642,0.000113906,0.0154514,0.37964,12430.8,0.686199,0.302313,-0.4,0.25,1,119.67,2.58417e+07,3.85692,2.0974,0,0.135584,-0.0963997,nan,-0.136837,nan,nan,nan,nan,-0.00860444,-0.0437195,-0.0137632,nan,-0.152256,0,-0.000373928,-0.24914,nan,-0.223942,-0.0427818,-0.172595,-0.271259,-0.2525,0.241195,-0.00255226,0.05125
2104,100.472,1000,0.0998708,0.125,0,0.0567423,0.161778,0.0963629,-0.0126165,4.89671,3.375e-05,0.0132713,0.379399,10033.4,0.769583,0.455122,-0.4,0.25,1,120.896,2.5854e+07,4.12352,2.47081,0,0.154167,-0.115289,nan,-0.166417,nan,nan,nan,nan,-0.0128162,-0.0581706,-0.0178535,nan,-0.178183,0,-0.0108378,-0.29901,nan,-0.255521,-0.0556188,-0.260946,-0.332696,-0.228,0.274656,-0.00275825,0.158333
2105,97.0721,1000,0.0996901,0.0833333,0,0.0571177,0.163478,0.0881014,-0.0139447,4.89217,0.000170859,0.0163375,0.379186,10699.3,0.762344,0.386144,-0.4,0.25,1,122.046,2.58662e+07,4.27849,2.35913,0,0.135313,-0.112698,nan,-0.147875,nan,nan,nan,nan,-0.0114442,-0.0520558,-0.0162359,nan,-0.176016,0,-0.0150951,-0.297571,nan,-0.314869,-0.0520313,-0.268974,-0.32877,-0.224,0.274235,-0.00266709,0.0975
2106,86.2232,866.714,0.101297,0.208333,0.0833333,0.0556438,0.16118,0.158152,-0.0096728,4.88736,1e-05,0.0190112,0.37904,10044.3,0.812267,0.411114,-0.4,0.25,1,123.271,2.58785e+07,3.72048,2.12609,0,0.116312,-0.097189,nan,-0.112164,nan,nan,nan,nan,-0.00840703,-0.0397866,-0.0116275,nan,-0.151201,0,-0.00455489,-0.25139,nan,-0.286508,-0.0400212,-0.142164,-0.278791,-0.22,0.23856,-0.00250287,0.0807143
2107,82.2121,824,0.101873,0.125,0.0416667,0.054724,0.164911,0.159746,-0.00954282,4.88563,7.59375e-05,0.0170551,0.378968,11013.7,0.743031,0.37267,-0.4,0.25,1,124.388,2.58908e+07,3.59056,1.95182,0,0.119533,-0.091188,nan,-0.114062,nan,nan,nan,nan,-0.00815849,-0.038214,-0.0117642,nan,-0.144291,0,-0.0014124,-0.237571,nan,-0.249836,-0.0416126,-0.187478,-0.258951,-0.1935,0.228066,-0.00264115,0.07
2108,84.6343,864,0.0994064,0.0833333,0.0833333,0.0573401,0.167002,0.188107,-0.0129374,4.88371,0.000170859,0.016533,0.378901,10225.8,0.750142,0.45152,-0.4,0.25,1,125.591,2.59031e+07,3.69348,2.07738,0,0.116718,-0.0952863,nan,-0.108,nan,nan,nan,nan,-0.00872391,-0.0401682,-0.0118843,nan,-0.151611,0,-0.0050499,-0.268014,nan,-0.286414,-0.0402403,-0.141919,-0.275937,-0.2205,0.236084,-0.00265271,0.069375
2109,74.2705,735,0.0992328,0.0416667,0.0833333,0.0567777,0.162612,0.162034,-0.0141765,4.88001,0.000170859,0.0155932,0.378749,10629.6,0.763556,0.392457,-0.4,0.25,1,126.748,2.59154e+07,3.08624,1.76331,0,0.115518,-0.082557,nan,-0.1248,nan,nan,nan,nan,-0.00976985,-0.0449773,-0.0124775,nan,-0.128209,0,-0.00365923,-0.220844,nan,-0.181915,-0.0471416,-0.173863,-0.237041,-0.176667,0.202161,-0.00238813,0.0925
2110,81.1042,853.2,0.0987836,0.125,0.0833333,0.056601,0.168732,0.171344,-0.0124455,4.87339,0.000113906,0.0188041,0.378616,11385.9,0.76184,0.317391,-0.4,0.25,1,127.829,2.59277e+07,3.54389,2.0164,0,0.118982,-0.0965998,nan,-0.13192,nan,nan,nan,nan,-0.00951494,-0.0469157,-0.0140604,nan,-0.150662,0,-0.00382727,-0.252502,nan,-0.25763,-0.0506404,-0.188387,-0.277846,-0.2254,0.233249,-0.00252475,0.0665
2111,66.4113,636,0.0996486,0.0416667,0.0416667,0.0573948,0.163864,0.135387,-0.0131516,4.87333,0.000113906,0.0114138,0.378548,9790.27,0.765295,0.489829,-0.4,0.25,1,129.086,2.594e+07,2.75745,1.62789,0,0.0907656,-0.071316,nan,-0.102625,nan,nan,nan,nan,-0.00728924,-0.0355908,-0.0102632,nan,-0.111552,0,-0.00279553,-0.17947,nan,-0.186945,-0.0348161,-0.132866,-0.202839,-0.1585,0.175548,-0.00163889,0.0675
2112,106.6,1000,0.099457,0.25,0,0.0574009,0.160356,0.0969656,-0.0144156,4.86859,0.000170859,0.0157676,0.378209,10261.5,0.811206,0.38628,-0.4,0.25,1,130.285,2.59523e+07,4.39448,2.47094,0,0.165218,-0.110648,nan,-0.169017,nan,nan,nan,nan,-0.011831,-0.0588334,-0.0167215,nan,-0.175005,0,-0.00302171,-0.302276,nan,-0.226253,-0.0498506,-0.186349,-0.315946,-0.257333,0.276555,-0.00309207,0.0895833
2113,99.4534,1000,0.0982265,0.208333,0,0.0581157,0.162339,0.0929635,-0.0158555,4.8573,0.000113906,0.0147096,0.377964,10568.6,0.785425,0.377268,-0.4,0.25,1,131.45,2.59645e+07,4.27943,2.41544,0,0.154912,-0.109729,nan,-0.16378,nan,nan,nan,nan,-0.0105844,-0.0534043,-0.0162869,nan,-0.175173,0,-0.00251529,-0.297059,nan,-0.264128,-0.0487893,-0.249992,-0.313339,-0.2854,0.277187,-0.00248791,0.0745
2114,100.052,1000,0.101129,0.0833333,0,0.0555534,0.161978,0.0868528,-0.0131473,4.84968,7.59375e-05,0.0127905,0.377703,12667,0.694696,0.275382,-0.4,0.25,1,132.421,2.59768e+07,4.35126,2.45701,0,0.147628,-0.106679,nan,-0.13965,nan,nan,nan,nan,-0.00859626,-0.0446562,-0.0136121,nan,-0.171922,0,-0.00106121,-0.285412,nan,-0.299063,-0.0345303,-0.221749,-0.303561,-0.2965,0.27822,-0.00281754,0.055
2115,92.3018,1000,0.101547,0.0833333,0,0.055541,0.163331,0.0918992,-0.0127184,4.8377,5.0625e-05,0.0134268,0.377291,14260.5,0.590168,0.27151,-0.4,0.25,1,133.284,2.59891e+07,4.31668,2.36152,0,0.105125,-0.109449,nan,-0.092975,nan,nan,nan,nan,-0.00698523,-0.0339396,-0.0103026,nan,-0.173439,0,-0.0230015,-0.280968,nan,-0.415962,-0.0479988,-0.282678,-0.312934,-0.25,0.279558,-0.00297354,0.05625
2116,75.3017,763,0.0992937,0.125,0.0416667,0.057425,0.162236,0.0933015,-0.0145791,4.82559,0.000113906,0.0136217,0.376773,10095.8,0.742129,0.475012,-0.4,0.25,1,134.503,2.60014e+07,3.30358,1.81951,0,0.104048,-0.0838593,nan,-0.112875,nan,nan,nan,nan,-0.00739679,-0.03815,-0.0106168,nan,-0.131466,0,-0.0034577,-0.218162,nan,-0.254734,-0.0334579,-0.18816,-0.237789,-0.1715,0.209814,-0.00205184,0.078125
2117,108.208,1000,0.0991601,0.0416667,0,0.057485,0.16575,0.103125,-0.0144064,4.80473,5.0625e-05,0.0120676,0.376166,10420.5,0.794877,0.384341,-0.4,0.25,1,135.684,2.60137e+07,4.58669,2.38241,0,0.154115,-0.10685,nan,-0.1527,nan,nan,nan,nan,-0.0111723,-0.054254,-0.0168952,nan,-0.1724,0,-0.00145293,-0.277801,nan,-0.240385,-0.0514941,-0.250978,-0.301678,-0.249,0.277262,-0.00285998,0.09
2118,94.7168,937,0.0985517,0.0833333,0.0416667,0.0581199,0.165562,0.102288,-0.0125097,4.79282,7.59375e-05,0.011413,0.375791,11751.6,0.73725,0.308391,-0.4,0.25,1,136.731,2.6026e+07,3.85682,2.27828,0,0.150872,-0.101155,nan,-0.123583,nan,nan,nan,nan,-0.00956484,-0.045303,-0.0122175,nan,-0.162837,0,-0.00117593,-0.269094,nan,-0.224271,-0.044915,-0.181142,-0.290492,-0.230667,0.257523,-0.00309936,0.08
2119,80.1808,827.75,0.0997188,0.166667,0.166667,0.0571111,0.162311,0.154325,-0.0106666,4.78404,7.59375e-05,0.0110812,0.37558,12905.6,0.672363,0.279782,-0.4,0.25,1,137.684,2.60383e+07,3.44852,2.00879,0,0.117504,-0.0908637,nan,-0.118337,nan,nan,nan,nan,-0.00897311,-0.0414636,-0.0123651,nan,-0.144634,0,-0.0112319,-0.246229,nan,-0.250503,-0.0475497,-0.178407,-0.26429,-0.20925,0.226885,-0.00247825,0.0771875
2120,90.7661,872,0.100965,0.0833333,0.0416667,0.0566679,0.159627,0.148386,-0.0131448,4.77926,0.000113906,0.0142547,0.375474,14044.9,0.611021,0.263888,-0.4,0.25,1,138.561,2.60506e+07,3.84054,2.1379,0,0.135604,-0.093677,nan,-0.13475,nan,nan,nan,nan,-0.00793211,-0.0406532,-0.0132382,nan,-0.153211,0,-0.000735678,-0.241872,nan,-0.227807,-0.0326089,-0.132555,-0.255884,-0.268667,0.243938,-0.00263582,0.0433333
2121,93.0402,963.667,0.100187,0.166667,0.0833333,0.0573981,0.164482,0.134525,-0.0142808,4.77154,0.000113906,0.014616,0.375055,10626,0.74431,0.412099,-0.4,0.25,1,139.718,2.60628e+07,4.04438,2.2968,0,0.137924,-0.103268,nan,-0.138242,nan,nan,nan,nan,-0.00964375,-0.0444087,-0.0148568,nan,-0.168319,0,-0.00334339,-0.272769,nan,-0.285546,-0.0479559,-0.229788,-0.2958,-0.267333,0.2669,-0.00285192,0.0795833
2122,106.185,1000,0.100842,0.0833333,0,0.0568558,0.161522,0.133976,-0.0125786,4.76046,3.375e-05,0.0134896,0.374832,10114.7,0.828778,0.386088,-0.4,0.25,1,140.935,2.60751e+07,4.29693,2.42627,0,0.169815,-0.108054,nan,-0.158675,nan,nan,nan,nan,-0.0123781,-0.0615359,-0.015942,nan,-0.169452,0,-0.00302046,-0.295307,nan,-0.218821,-0.0458137,-0.184118,-0.308362,-0.2225,0.274471,-0.00421846,0.1
2123,97.7616,963.6,0.099985,0.0833333,0.125,0.057607,0.164951,0.145379,-0.00877905,4.75519,2.25e-05,0.0143543,0.374649,10403.8,0.783233,0.397879,-0.4,0.25,1,142.118,2.60874e+07,4.11012,2.35035,0,0.145908,-0.103872,nan,-0.16744,nan,nan,nan,nan,-0.0116384,-0.0570676,-0.0168301,nan,-0.166758,0,-0.00919886,-0.270627,nan,-0.243548,-0.0587436,-0.261395,-0.300723,-0.2354,0.265423,-0.00302703,0.0835
2124,97.1724,989.143,0.102385,0.208333,0.0833333,0.0552012,0.157373,0.146459,-0.00626277,4.75015,1e-05,0.0168443,0.374513,12350.1,0.694112,0.300861,-0.4,0.25,1,143.115,2.60997e+07,4.14133,2.35305,0,0.151958,-0.107374,nan,-0.153814,nan,nan,nan,nan,-0.0103255,-0.0519791,-0.0150599,nan,-0.17203,0,-0.00126588,-0.28736,nan,-0.265895,-0.0489785,-0.223755,-0.306312,-0.254714,0.272003,-0.00320841,0.0785714
2125,100.292,1000,0.101566,14.375,0,0.0552313,0.165081,0.111979,-0.00944952,4.74722,7.59375e-05,0.0110536,0.374381,10578.3,0.75653,0.40509,-0.4,0.25,1,144.278,2.6112e+07,4.28741,2.41753,0,0.145389,-0.108777,nan,-0.144459,nan,nan,nan,nan,-0.0102458,-0.0498085,-0.0145999,nan,-0.172978,0,-0.00576301,-0.287799,nan,-0.290765,-0.0448666,-0.20213,-0.311898,-0.248913,0.275667,-0.00291035,0.0857536
2126,104.2,1000,0.101782,0.125,0,0.0527243,0.163627,0.0679649,-0.015754,4.73564,0.000113906,0.0191825,0.373863,10160.9,0.792726,0.416612,-0.4,0.25,1,145.489,2.61243e+07,4.39258,2.36107,0,0.150835,-0.112175,nan,-0.16825,nan,nan,nan,nan,-0.0130334,-0.0579134,-0.0176447,nan,-0.173731,0,-0.00318572,-0.298202,nan,-0.260993,-0.0559047,-0.230086,-0.326299,-0.233333,0.27575,-0.00305473,0.111667
2127,91.9139,892.889,0.103782,0.333333,0.0416667,0.054586,0.157335,0.128311,-0.0115792,4.72109,5.0625e-05,0.0104987,0.373667,10110.8,0.824991,0.390343,-0.4,0.25,1,146.706,2.61366e+07,3.82927,2.12939,0,0.150693,-0.097756,nan,-0.1584,nan,nan,nan,nan,-0.0111175,-0.0554571,-0.0162297,nan,-0.155764,0,-0.00369568,-0.259038,nan,-0.189771,-0.0434875,-0.239038,-0.280228,-0.237889,0.245238,-0.00288032,0.0983333
2128,82.4819,844,0.105754,0.208333,0.0416667,0.0532999,0.1539,0.115644,-0.00874904,4.71568,7.59375e-05,0.0111774,0.373517,12015.6,0.696686,0.325986,-0.4,0.25,1,147.73,2.61489e+07,3.5857,2.07256,0,0.110594,-0.0915267,nan,-0.109667,nan,nan,nan,nan,-0.00727779,-0.0366339,-0.0111868,nan,-0.144897,0,-0.00339696,-0.235711,nan,-0.289443,-0.0366815,-0.131972,-0.260795,-0.2145,0.234263,-0.00219402,0.0616667
2129,79.8041,816.5,0.103993,0.333333,0.0833333,0.0551789,0.154141,0.1472,-0.00946876,4.71181,7.59375e-05,0.00989941,0.373433,13342.2,0.606372,0.314616,-0.4,0.25,1,148.652,2.61612e+07,3.43212,1.99911,0,0.112066,-0.0875887,nan,-0.114725,nan,nan,nan,nan,-0.00764017,-0.0383713,-0.0118434,nan,-0.141871,0,-0.00381938,-0.231582,nan,-0.257704,-0.0359219,-0.161805,-0.250758,-0.2186,0.226534,-0.00219106,0.0655
2130,99.6012,1000,0.102911,0.291667,0,0.0563778,0.159071,0.0838895,-0.0139587,4.70678,0.000256289,0.0184883,0.372986,9901.42,0.785074,0.45596,-0.4,0.25,1,149.895,2.61734e+07,4.30402,2.41439,0,0.135663,-0.10907,nan,-0.132964,nan,nan,nan,nan,-0.00966732,-0.0469106,-0.0143232,nan,-0.172678,0,-0.0049347,-0.289271,nan,-0.319683,-0.042006,-0.171387,-0.314613,-0.247429,0.274936,-0.00275787,0.0960714
2131,88.4131,906,0.10692,0.208333,0.0416667,0.0529425,0.154961,0.0699855,-0.0152088,4.68562,0.000170859,0.0157155,0.372235,10570,0.767451,0.395079,-0.4,0.25,1,151.059,2.61857e+07,3.84173,2.19334,0,0.134913,-0.0961295,nan,-0.138592,nan,nan,nan,nan,-0.00849347,-0.045808,-0.0134105,nan,-0.156096,0,-0.00119126,-0.254425,nan,-0.259856,-0.0469273,-0.203509,-0.270574,-0.256667,0.25083,-0.00318375,0.0404167
2132,102.314,1000,0.10298,0.208333,0,0.0561975,0.162571,0.134038,-0.0101475,4.66925,1e-05,0.0184747,0.371926,11578.9,0.736005,0.325233,-0.4,0.25,1,152.122,2.6198e+07,4.14563,2.38951,0,0.172627,-0.109077,nan,-0.17301,nan,nan,nan,nan,-0.0124061,-0.0606721,-0.01751,nan,-0.173982,0,-0.00621327,-0.292151,nan,-0.198189,-0.045664,-0.243285,-0.311674,-0.237,0.274609,-0.00366046,0.1165
2133,75.35,725.667,0.101968,0.166667,0.0833333,0.0566243,0.164413,0.119659,-0.00889761,4.66443,3.375e-05,0.0147434,0.371754,9530.95,0.789359,0.499914,-0.4,0.25,1,153.413,2.62103e+07,3.21058,1.75239,0,0.101203,-0.0796941,nan,-0.100733,nan,nan,nan,nan,-0.0082861,-0.0352613,-0.0100521,nan,-0.12439,0,-0.00628155,-0.204624,nan,-0.218721,-0.0394841,-0.128354,-0.230146,-0.1555,0.199501,-0.00187434,0.0725
2134,60.2909,605.25,0.102789,0.0833333,0.0833333,0.0566437,0.164616,0.167531,-0.0103578,4.659,0.000170859,0.0156537,0.371647,9529.42,0.846328,0.443152,-0.4,0.25,1,154.704,2.62226e+07,2.53534,1.46018,0,0.0985132,-0.0648825,nan,-0.093125,nan,nan,nan,nan,-0.00694727,-0.0326521,-0.00944535,nan,-0.103666,0,-0.00491728,-0.179386,nan,-0.148373,-0.0273164,-0.171832,-0.184377,-0.1635,0.16476,-0.00202185,0.066875
2135,97.8587,1000,0.104146,0.25,0,0.0546435,0.164188,0.102181,-0.00872495,4.65735,7.59375e-05,0.01191,0.371561,9272.28,0.851451,0.473789,-0.4,0.25,1,156.031,2.62349e+07,4.23746,2.48715,0,0.128802,-0.10705,nan,-0.118542,nan,nan,nan,nan,-0.00845941,-0.0399694,-0.012465,nan,-0.170803,0,-0.00867824,-0.289697,nan,-0.340296,-0.0404671,-0.15881,-0.306314,-0.251667,0.276541,-0.0025894,0.0741667
2136,105.766,1000,0.103593,0.125,0,0.0552674,0.161217,0.128792,-0.0130289,4.64979,5.0625e-05,0.0134254,0.371296,10393.9,0.802695,0.379541,-0.4,0.25,1,157.215,2.62472e+07,4.41043,2.39085,0,0.159649,-0.106909,nan,-0.162033,nan,nan,nan,nan,-0.0112063,-0.0572858,-0.0160485,nan,-0.171305,0,-0.00826056,-0.282942,nan,-0.239115,-0.0421748,-0.180201,-0.302213,-0.255333,0.273211,-0.00342012,0.0941667
2137,94.9556,913.714,0.102641,0.25,0.0416667,0.0565082,0.163888,0.110392,-0.0101881,4.64442,1e-05,0.0179354,0.371187,11169.9,0.707213,0.392883,-0.4,0.25,1,158.316,2.62595e+07,3.86699,2.26775,0,0.146882,-0.0978812,nan,-0.167179,nan,nan,nan,nan,-0.0112403,-0.0556977,-0.0162209,nan,-0.157161,0,-0.00935753,-0.257067,nan,-0.209335,-0.0479134,-0.227538,-0.280128,-0.222571,0.25361,-0.0023823,0.0925
2138,102.59,1000,0.103114,0.291667,0,0.0554247,0.163204,0.0905656,-0.0107862,4.64004,0.000113906,0.0135861,0.370908,9975.54,0.815896,0.415917,-0.4,0.25,1,159.55,2.62717e+07,4.42901,2.3789,0,0.144709,-0.1056,nan,-0.136514,nan,nan,nan,nan,-0.00930627,-0.0468766,-0.0132194,nan,-0.170629,0,-0.00220103,-0.284525,nan,-0.294409,-0.0426456,-0.17673,-0.30403,-0.241286,0.27714,-0.00297271,0.0810714
2139,35.1869,326,0.104302,0,0.0416667,0.0543476,0.166018,0.128691,-0.00935847,4.62818,5.0625e-05,0.00957183,0.370641,10171.5,0.788117,0.41996,-0.4,0.25,1,160.76,2.6284e+07,1.41197,0.792571,0,0.061693,-0.0372273,nan,-0.0581,nan,nan,nan,nan,-0.00537204,-0.0231998,-0.00590479,nan,-0.0582585,0,-0.00121773,-0.106879,nan,-0.0473232,-0.0314419,-0.119985,-0.107022,-0.081,0.0897162,-0.00085435,0.0775
2140,72.0896,722.667,0.102449,0.0416667,0.0833333,0.0554094,0.172172,0.104631,-0.0135343,4.62233,7.59375e-05,0.0146052,0.370437,10850,0.748732,0.383803,-0.4,0.25,1,161.894,2.62963e+07,3.02065,1.61126,0,0.121408,-0.0789798,nan,-0.148833,nan,nan,nan,nan,-0.010862,-0.050111,-0.015466,nan,-0.126554,0,-0.0112809,-0.194031,nan,-0.147081,-0.0593202,-0.185647,-0.22695,-0.180333,0.197719,-0.00221588,0.0508333
2141,89.402,910.714,0.1016,0.25,0.0416667,0.0580363,0.165731,0.108446,-0.0143193,4.61665,0.000113906,0.0161731,0.370259,10311.5,0.755647,0.436029,-0.4,0.25,1,163.087,2.63086e+07,3.92315,2.19373,0,0.117544,-0.0988515,nan,-0.112364,nan,nan,nan,nan,-0.00784344,-0.0371662,-0.0111324,nan,-0.156079,0,-0.00744011,-0.263024,nan,-0.312544,-0.0419607,-0.15505,-0.285931,-0.213571,0.252738,-0.00238231,0.0589286
2142,58.1307,547.75,0.0995178,0.0416667,0.125,0.0588807,0.173201,0.222201,-0.00917827,4.61484,1.5e-05,0.0164103,0.370221,9915.83,0.827618,0.411613,-0.4,0.25,1,164.328,2.63209e+07,2.43312,1.29991,0,0.0935311,-0.0582579,nan,-0.103512,nan,nan,nan,nan,-0.00705244,-0.0331623,-0.00983708,nan,-0.0938876,0,-0.00144231,-0.159723,nan,-0.109557,-0.0329286,-0.155675,-0.164753,-0.154,0.152339,-0.00136955,0.046875
2143,103.997,1000,0.103082,0.0833333,0,0.0556558,0.16187,0.0774305,-0.0109882,4.61452,0.000113906,0.0128913,0.370164,9955.39,0.858619,0.375687,-0.4,0.25,1,165.564,2.63332e+07,4.63999,2.41391,0,0.125599,-0.103269,nan,-0.1044,nan,nan,nan,nan,-0.00616286,-0.0342683,-0.00892905,nan,-0.169143,0,0,-0.276831,nan,-0.379419,-0.0331786,-0.113647,-0.295165,-0.208,0.278706,-0.00248505,0.055
2144,79.2648,814.333,0.103157,0.0833333,0.0416667,0.0553119,0.162515,0.133496,-0.00677356,4.61033,2.25e-05,0.0132896,0.370041,13549.6,0.645334,0.261558,-0.4,0.25,1,166.472,2.63455e+07,3.50757,2.00098,0,0.0937167,-0.0838866,nan,-0.0627833,nan,nan,nan,nan,-0.00505801,-0.0230789,-0.00624199,nan,-0.135396,0,-0.00511189,-0.244995,nan,-0.316059,-0.0310283,-0.0661355,-0.244102,-0.192667,0.224672,-0.00239322,0.0541667
2145,97.7264,913,0.104383,0.208333,0.0416667,0.0543573,0.157133,0.0824833,-0.00854015,4.607,2.25e-05,0.014759,0.369877,14335.8,0.600813,0.256339,-0.4,0.25,1,167.331,2.63578e+07,4.02864,2.20255,0,0.149058,-0.0961932,nan,-0.157642,nan,nan,nan,nan,-0.0111395,-0.0549039,-0.0161199,nan,-0.156886,0,-0.00404527,-0.25971,nan,-0.205529,-0.0462508,-0.220263,-0.278227,-0.213667,0.252132,-0.00286461,0.0941667
2146,66.5433,671.6,0.10215,0.0833333,0.125,0.0558455,0.163846,0.211127,-0.00554161,4.60151,1e-05,0.0176438,0.369718,14065.4,0.608615,0.26502,-0.4,0.25,1,168.206,2.637e+07,2.71677,1.60146,0,0.11282,-0.072503,nan,-0.11888,nan,nan,nan,nan,-0.00917592,-0.0411181,-0.012875,nan,-0.116525,0,-0.00625056,-0.199759,nan,-0.139841,-0.045163,-0.195976,-0.207763,-0.175,0.184795,-0.00197511,0.0835
2147,102.783,1000,0.103482,0.166667,0,0.0552561,0.164726,0.100633,-0.00965302,4.59906,0.000113906,0.0123224,0.369646,14210.3,0.6067,0.258026,-0.4,0.25,1,169.072,2.63823e+07,4.18221,2.32919,0,0.164642,-0.108734,nan,-0.170212,nan,nan,nan,nan,-0.0146415,-0.0657982,-0.0193746,nan,-0.175738,0,-0.0187215,-0.293848,nan,-0.211219,-0.0594311,-0.246278,-0.321642,-0.22575,0.271942,-0.00369411,0.16875
2148,93.7033,901,0.103506,0.208333,0.125,0.0550459,0.16277,0.216665,-0.00608718,4.59486,1e-05,0.0178708,0.369555,14258.7,0.604926,0.256865,-0.4,0.25,1,169.935,2.63946e+07,3.84848,2.18576,0,0.145841,-0.0960075,nan,-0.157719,nan,nan,nan,nan,-0.0115204,-0.0540444,-0.0159479,nan,-0.155485,0,-0.00662441,-0.264845,nan,-0.203633,-0.0451932,-0.213842,-0.276728,-0.23125,0.248821,-0.00242822,0.106563
2149,103.432,1000,0.103852,0.125,0,0.0542869,0.16866,0.128617,-0.00983134,4.59327,0.000113906,0.0132205,0.369492,14250.3,0.602648,0.259648,-0.4,0.25,1,170.799,2.64069e+07,4.37885,2.409,0,0.152558,-0.107898,nan,-0.161467,nan,nan,nan,nan,-0.0108044,-0.0526844,-0.0164428,nan,-0.172074,0,-0.00739406,-0.280956,nan,-0.266652,-0.0395885,-0.191287,-0.306713,-0.24,0.277633,-0.00242665,0.0658333
2150,89.0137,859.667,0.101278,0.166667,0.0833333,0.0565874,0.17512,0.0902915,-0.0141447,4.5895,0.000113906,0.0126093,0.369348,14230.9,0.603881,0.25959,-0.4,0.25,1,171.664,2.64192e+07,3.73222,2.07281,0,0.132584,-0.0887753,nan,-0.130433,nan,nan,nan,nan,-0.00905107,-0.044256,-0.0129516,nan,-0.145377,0,-0.00256877,-0.237946,nan,-0.221109,-0.0421982,-0.180127,-0.256623,-0.2105,0.238551,-0.00246242,0.07125
2151,83.0554,804,0.10267,0.0833333,0.0416667,0.0564919,0.161379,0.0984177,-0.0143383,4.582,5.0625e-05,0.013043,0.369082,14242.8,0.605285,0.257464,-0.4,0.25,1,172.528,2.64315e+07,3.41644,1.8996,0,0.132084,-0.0854121,nan,-0.138917,nan,nan,nan,nan,-0.0108094,-0.051835,-0.0134872,nan,-0.139175,0,-0.0114741,-0.232912,nan,-0.170373,-0.0538215,-0.228336,-0.249578,-0.182667,0.219529,-0.00236453,0.111667
2152,99.6634,1000,0.104829,0.208333,0,0.0545752,0.162586,0.105769,-0.0123577,4.57534,7.59375e-05,0.0120518,0.368878,13481.9,0.623959,0.287484,-0.4,0.25,1,173.44,2.64438e+07,4.34791,2.39699,0,0.137271,-0.104347,nan,-0.12873,nan,nan,nan,nan,-0.00875381,-0.0433828,-0.012846,nan,-0.17092,0,-0.00867303,-0.283464,nan,-0.313899,-0.0442127,-0.19087,-0.301657,-0.2492,0.277749,-0.00274654,0.0715
2153,83.2129,846,0.10343,0.125,0.0416667,0.0558058,0.162475,0.132354,-0.011206,4.56851,7.59375e-05,0.0110442,0.36863,14058.2,0.609843,0.264237,-0.4,0.25,1,174.316,2.64561e+07,3.62995,2.04574,0,0.11628,-0.0872535,nan,-0.1064,nan,nan,nan,nan,-0.00683217,-0.0331956,-0.0104454,nan,-0.143204,0,-0.00135705,-0.238683,nan,-0.259301,-0.0397952,-0.160786,-0.249087,-0.238,0.237061,-0.00236141,0.054375
2154,97.0986,937.1,0.103869,0.333333,0.0833333,0.0565674,0.154616,0.112703,-0.0139959,4.5568,0.000170859,0.0170802,0.36813,14089.9,0.609238,0.262879,-0.4,0.25,1,175.189,2.64684e+07,4.02036,2.27726,0,0.15013,-0.098004,nan,-0.15776,nan,nan,nan,nan,-0.0109626,-0.0547601,-0.0155952,nan,-0.158921,0,-0.0122003,-0.266293,nan,-0.215689,-0.0492352,-0.250309,-0.283332,-0.2194,0.259283,-0.0028896,0.0935
2155,68.8946,719,0.103107,0.0416667,0.0416667,0.0562799,0.162905,0.0809888,-0.0132979,4.54355,7.59375e-05,0.0105076,0.367761,13930,0.604996,0.277128,-0.4,0.25,1,176.073,2.64806e+07,2.96981,1.75991,0,0.0952151,-0.0745473,nan,-0.094075,nan,nan,nan,nan,-0.00661869,-0.0326512,-0.00921505,nan,-0.121394,0,-0.0298303,-0.1971,nan,-0.225644,-0.0453174,-0.148997,-0.216436,-0.1655,0.199242,-0.0020408,0.04875
2156,101.652,1000,0.104961,0.125,0,0.0544951,0.165242,0.114315,-0.0134618,4.53112,5.0625e-05,0.0213126,0.36729,13790,0.616567,0.274516,-0.4,0.25,1,176.965,2.64929e+07,4.31497,2.39066,0,0.149318,-0.105236,nan,-0.146933,nan,nan,nan,nan,-0.0106526,-0.0514209,-0.0141702,nan,-0.167536,0,-0.00890302,-0.300046,nan,-0.273126,-0.0427195,-0.201251,-0.301349,-0.225667,0.276287,-0.00268402,0.0783333
2157,76.4128,739.667,0.104689,0.0416667,0.0833333,0.0546029,0.16259,0.170498,-0.0132467,4.51981,0.000170859,0.0188743,0.366978,11546.3,0.702513,0.36172,-0.4,0.25,1,178.03,2.65052e+07,3.13219,1.80803,0,0.118054,-0.0762404,nan,-0.11815,nan,nan,nan,nan,-0.0074042,-0.0385692,-0.0118865,nan,-0.125491,0,-0.0044955,-0.210215,nan,-0.180647,-0.0287184,-0.129603,-0.219618,-0.180667,0.207051,-0.00202577,0.075
2158,94.1915,890,0.103408,0.0833333,0.0833333,0.0564771,0.162237,0.153844,-0.00911663,4.51091,3.375e-05,0.0108949,0.366821,10933.4,0.737052,0.38684,-0.4,0.25,1,179.156,2.65175e+07,3.90513,2.16043,0,0.148968,-0.0903317,nan,-0.149275,nan,nan,nan,nan,-0.00886268,-0.0462813,-0.0133288,nan,-0.150344,0,-0.000461958,-0.242015,nan,-0.210335,-0.038236,-0.162345,-0.256742,-0.23975,0.248142,-0.00253577,0.063125
2159,94.0013,939,0.103892,0.0833333,0.0833333,0.0546441,0.168751,0.171043,-0.00688382,4.50766,1e-05,0.0190347,0.366747,10606.2,0.810913,0.34765,-0.4,0.25,1,180.316,2.65298e+07,4.04651,2.273,0,0.136066,-0.0958485,nan,-0.123225,nan,nan,nan,nan,-0.00754882,-0.039022,-0.0120672,nan,-0.159971,0,-0.00136568,-0.267902,nan,-0.277489,-0.0383924,-0.173508,-0.274516,-0.255,0.261019,-0.00240519,0.06375
2160,80.3904,760,0.105487,0.0833333,0.125,0.053739,0.163954,0.175587,-0.00941861,4.50537,0.000113906,0.0131911,0.366623,10380.3,0.780707,0.403069,-0.4,0.25,1,181.501,2.65421e+07,3.35028,1.80535,0,0.121103,-0.0794936,nan,-0.12202,nan,nan,nan,nan,-0.00947627,-0.0452445,-0.0124183,nan,-0.129408,0,-0.011993,-0.222395,nan,-0.180038,-0.0470805,-0.170901,-0.230569,-0.1638,0.209566,-0.0022859,0.086
2161,93.7326,936.222,0.104931,0.291667,0.0833333,0.0545509,0.159705,0.12407,-0.0134411,4.49552,7.59375e-05,0.0193727,0.366135,13166.5,0.664008,0.269272,-0.4,0.25,1,182.436,2.65544e+07,4.00794,2.24292,0,0.139131,-0.0956112,nan,-0.136617,nan,nan,nan,nan,-0.00878327,-0.0451369,-0.0133518,nan,-0.16019,0,-0.00315491,-0.262893,nan,-0.255471,-0.0460334,-0.179439,-0.270919,-0.267333,0.260007,-0.00277745,0.0663889
2162,102.951,1000,0.103771,0.166667,0,0.0557578,0.160551,0.106905,-0.0117707,4.48514,0.000113906,0.0129088,0.365954,8832.05,0.860219,0.531078,-0.4,0.25,1,183.828,2.65667e+07,4.39463,2.39709,0,0.141993,-0.102761,nan,-0.12575,nan,nan,nan,nan,-0.00911044,-0.0441292,-0.0125109,nan,-0.168606,0,-0.00554406,-0.270357,nan,-0.299337,-0.0389901,-0.167764,-0.296732,-0.22225,0.276704,-0.00310069,0.0775
2163,101.02,967,0.104125,0.0833333,0.0416667,0.0554567,0.161281,0.13973,-0.0122832,4.4811,5.0625e-05,0.01286,0.365855,9836.31,0.851544,0.397705,-0.4,0.25,1,185.08,2.65789e+07,4.13906,2.34514,0,0.137617,-0.103593,nan,-0.137233,nan,nan,nan,nan,-0.01276,-0.0573154,-0.0152072,nan,-0.164414,0,-0.0238635,-0.283308,nan,-0.263655,-0.0494476,-0.165378,-0.307014,-0.167667,0.265619,-0.00313315,0.12
2164,101.608,1000,0.103323,0.25,0,0.0559483,0.164958,0.0792442,-0.0137822,4.47618,7.59375e-05,0.0134831,0.365698,10028.2,0.80737,0.41798,-0.4,0.25,1,186.306,2.65912e+07,4.3675,2.42148,0,0.132421,-0.103012,nan,-0.117192,nan,nan,nan,nan,-0.0089493,-0.0418494,-0.0120961,nan,-0.168317,0,-0.00991654,-0.278565,nan,-0.325069,-0.0471071,-0.195737,-0.300036,-0.2185,0.278506,-0.00300747,0.0833333
2165,84.8195,816.25,0.106235,0.125,0.0416667,0.0530494,0.163805,0.120932,-0.0110395,4.47046,5.0625e-05,0.0120322,0.365551,10271.3,0.730369,0.465973,-0.4,0.25,1,187.504,2.66035e+07,3.6537,1.96283,0,0.10901,-0.0838578,nan,-0.103137,nan,nan,nan,nan,-0.00760323,-0.0372913,-0.010037,nan,-0.137206,0,-0.00150882,-0.228081,nan,-0.257548,-0.0364394,-0.136439,-0.24081,-0.18025,0.22604,-0.00277035,0.055625
2166,104.636,1000,0.105915,0.208333,0,0.0532639,0.159868,0.0739981,-0.0135675,4.46448,7.59375e-05,0.012431,0.365323,8662.22,0.871867,0.546707,-0.4,0.25,1,188.925,2.66158e+07,4.33551,2.41383,0,0.158765,-0.103888,nan,-0.15641,nan,nan,nan,nan,-0.0110328,-0.0546342,-0.0153445,nan,-0.169815,0,-0.00341595,-0.285148,nan,-0.239457,-0.0473908,-0.220628,-0.298677,-0.24,0.277193,-0.00370083,0.095
2167,103.851,1000,0.101541,13.2083,0,0.0548616,0.169271,0.0781396,-0.0152375,4.44716,0.000170859,0.0194403,0.364427,7548.79,0.979694,0.648117,-0.4,0.25,1,190.554,2.66281e+07,4.33819,2.41166,0,0.153325,-0.103041,nan,-0.14793,nan,nan,nan,nan,-0.0103711,-0.0516741,-0.0146318,nan,-0.16872,0,-0.00900782,-0.280579,nan,-0.258403,-0.0441835,-0.200299,-0.296822,-0.235416,0.277576,-0.00304875,0.097082
2168,83.0285,858.857,0.104635,0.25,0.0416667,0.0518382,0.167066,0.0870394,-0.014328,4.41749,0.000170859,0.0197675,0.363588,9475.58,0.850707,0.446101,-0.4,0.25,1,191.853,2.66404e+07,3.57499,2.03352,0,0.114801,-0.0900398,nan,-0.109043,nan,nan,nan,nan,-0.00865736,-0.0416422,-0.0112632,nan,-0.145381,0,-0.0174307,-0.242566,nan,-0.272074,-0.0391797,-0.183927,-0.262656,-0.170143,0.236602,-0.00270475,0.0882143
2169,93.715,901.2,0.107569,0.375,0.0416667,0.0523871,0.154767,0.122535,-0.00719016,4.40105,5.0625e-05,0.0092915,0.363345,10527.2,0.73101,0.436249,-0.4,0.25,1,193.022,2.66527e+07,3.95201,2.19044,0,0.136647,-0.0918778,nan,-0.12562,nan,nan,nan,nan,-0.00867017,-0.0431148,-0.0124944,nan,-0.152834,0,-0.00518317,-0.257796,nan,-0.239585,-0.0399545,-0.195571,-0.262176,-0.2265,0.250452,-0.00271475,0.09
2170,96.1415,922.571,0.106537,0.25,0.0416667,0.0531512,0.157111,0.0796224,-0.0126105,4.39384,7.59375e-05,0.0181478,0.363081,9762.58,0.833912,0.424771,-0.4,0.25,1,194.282,2.6665e+07,4.05987,2.15743,0,0.143478,-0.0948355,nan,-0.135179,nan,nan,nan,nan,-0.00965352,-0.0478929,-0.0132008,nan,-0.155114,0,-0.010427,-0.255289,nan,-0.235586,-0.0410218,-0.176993,-0.272884,-0.215714,0.256305,-0.00280289,0.0839286
2171,82.5506,800.222,0.106111,0.291667,0.0833333,0.0534185,0.158242,0.15993,-0.00982577,4.38739,7.59375e-05,0.0103911,0.362946,10651.7,0.774955,0.378659,-0.4,0.25,1,195.437,2.66772e+07,3.45348,1.91361,0,0.127146,-0.0821236,nan,-0.127461,nan,nan,nan,nan,-0.00874882,-0.0439302,-0.0122189,nan,-0.134806,0,-0.013925,-0.224707,nan,-0.197681,-0.0387526,-0.228348,-0.234573,-0.202778,0.222359,-0.00246939,0.0927778
2172,90.0425,838.182,0.107139,0.375,0.0833333,0.0535729,0.156649,0.0759767,-0.0141113,4.379,5.0625e-05,0.0180304,0.362636,10587.7,0.790761,0.369832,-0.4,0.25,1,196.599,2.66895e+07,3.73349,2.01603,0,0.128273,-0.0854837,nan,-0.122664,nan,nan,nan,nan,-0.00912335,-0.0449092,-0.0122942,nan,-0.140638,0,-0.0089379,-0.23064,nan,-0.219137,-0.039462,-0.151149,-0.24809,-0.188545,0.233053,-0.00268049,0.101136
2173,107.691,1000,0.1074,0.166667,0,0.0535157,0.152654,0.0737527,-0.0129758,4.37297,0.000170859,0.0160352,0.362534,10945.8,0.741709,0.380912,-0.4,0.25,1,197.724,2.67018e+07,4.44913,2.33662,0,0.164211,-0.103603,nan,-0.145075,nan,nan,nan,nan,-0.0116842,-0.0541367,-0.0154665,nan,-0.168812,0,-0.00491301,-0.292697,nan,-0.232904,-0.0418652,-0.158619,-0.302759,-0.209,0.275057,-0.00325957,0.109375
2174,85.2843,861.667,0.104781,0.208333,0.0416667,0.055965,0.158896,0.153729,-0.0114894,4.36856,7.59375e-05,0.0103707,0.362397,9848.92,0.800427,0.447223,-0.4,0.25,1,198.973,2.67141e+07,3.66374,2.09403,0,0.119307,-0.0878774,nan,-0.118108,nan,nan,nan,nan,-0.00739572,-0.0388536,-0.0115847,nan,-0.1454,0,-0.0047488,-0.238298,nan,-0.263164,-0.0315858,-0.172519,-0.252008,-0.2215,0.239226,-0.00238895,0.05
2175,107.688,1000,0.102728,0.125,0,0.0571736,0.165617,0.087536,-0.0168795,4.36333,0.000113906,0.0176972,0.362265,9898.45,0.830835,0.410571,-0.4,0.25,1,200.216,2.67264e+07,4.39191,2.46415,0,0.16793,-0.100089,nan,-0.1747,nan,nan,nan,nan,-0.0113957,-0.0568756,-0.0165571,nan,-0.167175,0,-0.00171696,-0.274097,nan,-0.210671,-0.0458973,-0.304833,-0.288493,-0.241,0.27974,-0.00268323,0.12
2176,101.255,1000,0.103102,0.25,0,0.0573293,0.162417,0.126389,-0.00824709,4.35972,7.59375e-05,0.0109924,0.362119,10870.3,0.749638,0.380778,-0.4,0.25,1,201.348,2.67387e+07,4.27476,2.39861,0,0.142845,-0.103501,nan,-0.146333,nan,nan,nan,nan,-0.0108612,-0.0525309,-0.0151737,nan,-0.170369,0,-0.0156647,-0.275125,nan,-0.278052,-0.0477636,-0.207287,-0.301373,-0.233833,0.276034,-0.00345459,0.0916667
2177,66.391,660.429,0.105618,0.166667,0.125,0.054847,0.157804,0.168666,-0.00935506,4.35426,5.0625e-05,0.010343,0.361899,10115,0.82448,0.390355,-0.4,0.25,1,202.564,2.6751e+07,2.80812,1.58168,0,0.0956183,-0.0676997,nan,-0.0890357,nan,nan,nan,nan,-0.00685853,-0.0325712,-0.00918226,nan,-0.112017,0,-0.00636068,-0.187334,nan,-0.186894,-0.0365022,-0.126386,-0.196794,-0.166857,0.182218,-0.00234311,0.0739286
2178,102.197,1000,0.105388,0.0833333,0,0.0562433,0.155972,0.085117,-0.0142877,4.347,0.000113906,0.013952,0.361647,10112.3,0.783347,0.431806,-0.4,0.25,1,203.784,2.67633e+07,4.25053,2.34439,0,0.157947,-0.100864,nan,-0.157,nan,nan,nan,nan,-0.0112309,-0.0584636,-0.0159325,nan,-0.165609,0,-0.00943836,-0.280687,nan,-0.242642,-0.0432066,-0.227232,-0.29142,-0.207,0.278778,-0.00321225,0.08625
2179,85.6121,855.8,0.103414,0.166667,0.0416667,0.0572134,0.166218,0.117099,-0.00767528,4.34074,1e-05,0.0164708,0.361521,10407.7,0.81781,0.362851,-0.4,0.25,1,204.966,2.67756e+07,3.66535,2.05066,0,0.121097,-0.0875237,nan,-0.11384,nan,nan,nan,nan,-0.00872793,-0.0420788,-0.0120018,nan,-0.14401,0,-0.0105286,-0.2411,nan,-0.249008,-0.0390594,-0.187149,-0.257295,-0.2058,0.234924,-0.00276763,0.0735
2180,101.528,1000,0.105319,0.25,0,0.053856,0.163972,0.080511,-0.0111475,4.33721,0.000113906,0.0153028,0.361331,10867.4,0.744641,0.386085,-0.4,0.25,1,206.098,2.67878e+07,4.3226,2.39739,0,0.144248,-0.100662,nan,-0.131042,nan,nan,nan,nan,-0.00864193,-0.0448179,-0.0131115,nan,-0.167817,0,-0.00172012,-0.279558,nan,-0.28943,-0.0364164,-0.173327,-0.28951,-0.250833,0.27821,-0.0028411,0.0758333
2181,90.3008,862,0.1045,0.125,0.0416667,0.0562006,0.160151,0.0963601,-0.0146597,4.32701,0.000170859,0.0164428,0.361004,10391.6,0.782335,0.400156,-0.4,0.25,1,207.282,2.68001e+07,3.84499,2.07895,0,0.123612,-0.0846601,nan,-0.124275,nan,nan,nan,nan,-0.00760572,-0.0415492,-0.0114527,nan,-0.142177,0,-0.00665796,-0.228981,nan,-0.249829,-0.0337629,-0.157169,-0.244527,-0.20975,0.240886,-0.00235551,0.07875
2182,102.856,1000,0.10403,0.166667,0,0.0568254,0.157483,0.105076,-0.0169275,4.31831,7.59375e-05,0.0167088,0.360878,10784.6,0.748628,0.390774,-0.4,0.25,1,208.423,2.68124e+07,4.29163,2.44997,0,0.163709,-0.100493,nan,-0.174487,nan,nan,nan,nan,-0.0104146,-0.0588408,-0.0165235,nan,-0.17005,0,-0.00295138,-0.273902,nan,-0.228181,-0.0444123,-0.260471,-0.286973,-0.2725,0.275472,-0.00316169,0.064375
2183,107.687,994.333,0.104034,0.208333,0.0416667,0.056832,0.155267,0.107005,-0.0144048,4.31628,0.000113906,0.0184006,0.360794,10530.3,0.738454,0.428464,-0.4,0.25,1,209.592,2.68247e+07,4.3975,2.46721,0,0.155313,-0.100022,nan,-0.156342,nan,nan,nan,nan,-0.0113092,-0.0558003,-0.0149777,nan,-0.166386,0,-0.010818,-0.27995,nan,-0.244081,-0.0474231,-0.222574,-0.290767,-0.215,0.275891,-0.00313027,0.104583
2184,91.6978,885.5,0.105546,0.125,0.0416667,0.0554455,0.155991,0.120253,-0.0121338,4.3107,3.375e-05,0.0171023,0.360615,10292,0.804408,0.389533,-0.4,0.25,1,210.787,2.6837e+07,3.75688,2.16011,0,0.130273,-0.0915293,nan,-0.12575,nan,nan,nan,nan,-0.0106005,-0.0502424,-0.0134387,nan,-0.149094,0,-0.0284014,-0.241934,nan,-0.235473,-0.0415273,-0.159387,-0.267607,-0.18525,0.242588,-0.00338885,0.085625
2185,82.5619,801,0.108201,0.0833333,0.0416667,0.0527687,0.15182,0.122407,-0.00985039,4.30544,7.59375e-05,0.0112511,0.360457,10552.1,0.76039,0.404118,-0.4,0.25,1,211.953,2.68493e+07,3.58864,1.90801,0,0.11041,-0.0793515,nan,-0.11055,nan,nan,nan,nan,-0.00680635,-0.0371252,-0.00998168,nan,-0.132228,0,-0.0007818,-0.218637,nan,-0.250822,-0.0310414,-0.143404,-0.230487,-0.187667,0.222534,-0.00234694,0.0475
2186,106.198,1000,0.107033,0.166667,0,0.0541705,0.156849,0.0841144,-0.0163822,4.29945,0.000113906,0.017523,0.360335,11603.7,0.724167,0.334808,-0.4,0.25,1,213.014,2.68616e+07,4.44485,2.42884,0,0.146262,-0.098896,nan,-0.1347,nan,nan,nan,nan,-0.00937935,-0.0480716,-0.0124093,nan,-0.166407,0,-0.0074764,-0.278693,nan,-0.279445,-0.0420187,-0.148503,-0.284046,-0.21775,0.278978,-0.00292152,0.094375
2187,110.491,1000,0.104661,0.166667,0,0.0554185,0.159629,0.0732796,-0.0145758,4.29419,0.000113906,0.014471,0.360117,9591.14,0.835842,0.445341,-0.4,0.25,1,214.296,2.68739e+07,4.39695,2.38806,0,0.167149,-0.102131,nan,-0.154775,nan,nan,nan,nan,-0.0126668,-0.0614573,-0.0158995,nan,-0.167099,0,-0.0150075,-0.28419,nan,-0.212848,-0.0387639,-0.148157,-0.297705,-0.1845,0.275118,-0.00377857,0.13875
2188,105.399,1000,0.104,0.25,0,0.0556656,0.16389,0.0815382,-0.0143508,4.2813,5.0625e-05,0.0124785,0.359737,9903.95,0.823461,0.417256,-0.4,0.25,1,215.539,2.68861e+07,4.27229,2.38481,0,0.164129,-0.101023,nan,-0.170742,nan,nan,nan,nan,-0.0127454,-0.063976,-0.0164555,nan,-0.166135,0,-0.0131018,-0.276385,nan,-0.223077,-0.0467342,-0.254567,-0.296973,-0.196833,0.276276,-0.00326459,0.1325
2189,87.5785,840.167,0.105232,0.208333,0.0416667,0.0550716,0.160708,0.129155,-0.0130576,4.27243,7.59375e-05,0.0131309,0.359505,10381.2,0.831092,0.352584,-0.4,0.25,1,216.724,2.68984e+07,3.63577,2.05513,0,0.124381,-0.0832575,nan,-0.11165,nan,nan,nan,nan,-0.00780531,-0.0415108,-0.0105407,nan,-0.137668,0,-0.0136565,-0.233264,nan,-0.232366,-0.0343716,-0.166672,-0.24288,-0.165833,0.233362,-0.00258752,0.0954167
2190,101.894,1000,0.106572,0.333333,0,0.0541436,0.158771,0.0971945,-0.0143522,4.26386,5.0625e-05,0.0135922,0.359242,10912.3,0.738037,0.388027,-0.4,0.25,1,217.851,2.69107e+07,4.30379,2.45504,0,0.133417,-0.101433,nan,-0.121087,nan,nan,nan,nan,-0.00894623,-0.0441457,-0.0114522,nan,-0.165194,0,-0.00947242,-0.277631,nan,-0.314095,-0.0430786,-0.184714,-0.294288,-0.19625,0.279166,-0.00289705,0.0871875
2191,88.9251,886.429,0.105818,0.25,0.0416667,0.0552994,0.159424,0.101818,-0.0132871,4.25656,5.0625e-05,0.0113017,0.35904,10163.3,0.778786,0.430275,-0.4,0.25,1,219.062,2.6923e+07,3.75711,2.13445,0,0.123202,-0.088931,nan,-0.131036,nan,nan,nan,nan,-0.00959882,-0.0476443,-0.0129669,nan,-0.148515,0,-0.0152367,-0.241762,nan,-0.264642,-0.0493841,-0.182985,-0.259058,-0.202286,0.244335,-0.00296661,0.0771429
2192,98.319,946,0.107348,0.0416667,0.0416667,0.0538883,0.153244,0.0902455,-0.0101688,4.2516,3.375e-05,0.013405,0.358923,10127.1,0.808738,0.404634,-0.4,0.25,1,220.277,2.69353e+07,3.92093,2.3707,0,0.147708,-0.0979076,nan,-0.167125,nan,nan,nan,nan,-0.0128508,-0.0634776,-0.0174103,nan,-0.159078,0,-0.0263276,-0.267196,nan,-0.214665,-0.0446795,-0.276364,-0.287701,-0.165,0.262855,-0.00292131,0.10875
2193,107.75,1000,0.104718,0.166667,0,0.0564344,0.156565,0.0825509,-0.0119427,4.24574,5.0625e-05,0.0123087,0.358723,11313.7,0.747339,0.338779,-0.4,0.25,1,221.365,2.69476e+07,4.4202,2.47717,0,0.155712,-0.0969294,nan,-0.141787,nan,nan,nan,nan,-0.00901469,-0.0469135,-0.0135353,nan,-0.165997,0,-0.00208832,-0.260153,nan,-0.257659,-0.0370202,-0.15091,-0.279887,-0.23625,0.278322,-0.00306969,0.074375
2194,104.625,1000,0.105412,0.25,0,0.0546405,0.162868,0.0881116,-0.0107066,4.2392,2.25e-05,0.0139101,0.35861,10684.9,0.753366,0.396668,-0.4,0.25,1,222.516,2.69599e+07,4.4998,2.42394,0,0.13127,-0.0974153,nan,-0.107325,nan,nan,nan,nan,-0.00741156,-0.0377017,-0.0104613,nan,-0.162958,0,-0.00376117,-0.268297,nan,-0.32571,-0.0350583,-0.151004,-0.279217,-0.215333,0.277814,-0.00287437,0.0779167
2195,89.4188,870,0.104433,0.125,0.0833333,0.0551541,0.165359,0.18187,-0.00500262,4.23687,1.5e-05,0.0167271,0.358563,9518.44,0.804484,0.486484,-0.4,0.25,1,223.809,2.69722e+07,3.70087,2.08514,0,0.131824,-0.0865174,nan,-0.12466,nan,nan,nan,nan,-0.00886642,-0.0445396,-0.0125783,nan,-0.144738,0,-0.00976505,-0.23864,nan,-0.230169,-0.0381907,-0.141998,-0.2516,-0.1816,0.240155,-0.0030457,0.07
2196,97.3469,957.286,0.105137,0.25,0.0416667,0.0550831,0.154879,0.147832,-0.00880119,4.23413,7.59375e-05,0.0129072,0.358435,9110.79,0.888427,0.460303,-0.4,0.25,1,225.159,2.69844e+07,3.97812,2.27184,0,0.152272,-0.0946033,nan,-0.157586,nan,nan,nan,nan,-0.011319,-0.0581075,-0.0156796,nan,-0.159296,0,-0.00872627,-0.254279,nan,-0.220691,-0.0414475,-0.251758,-0.275987,-0.204857,0.263406,-0.00361691,0.1
2197,105.602,1000,0.107397,0.0833333,0,0.0537855,0.147399,0.0970563,-0.0112277,4.22854,0.000113906,0.0124677,0.358249,11060.5,0.742158,0.368819,-0.4,0.25,1,226.275,2.69967e+07,4.30452,2.39864,0,0.173559,-0.100545,nan,-0.188275,nan,nan,nan,nan,-0.0117177,-0.060648,-0.0194023,nan,-0.168409,0,-0.00215603,-0.272582,nan,-0.18844,-0.0426155,-0.261791,-0.290308,-0.2695,0.279311,-0.00284764,0.09875
2198,99.2392,933.5,0.10835,0.125,0.0416667,0.0526508,0.152143,0.123735,-0.0102827,4.22007,0.000170859,0.0144093,0.357983,10289.6,0.807168,0.387053,-0.4,0.25,1,227.47,2.7009e+07,3.99761,2.31277,0,0.148512,-0.0931413,nan,-0.167362,nan,nan,nan,nan,-0.0114955,-0.0584189,-0.0154705,nan,-0.155859,0,-0.011024,-0.251274,nan,-0.213026,-0.0477921,-0.233114,-0.272093,-0.20175,0.259233,-0.00277204,0.096875
2199,94.5711,936.667,0.106471,0.208333,0.0416667,0.054218,0.158073,0.117234,-0.00912641,4.20831,1e-05,0.0201902,0.357713,9655.25,0.801947,0.470729,-0.4,0.25,1,228.745,2.70213e+07,3.96308,2.24182,0,0.13255,-0.0951079,nan,-0.125875,nan,nan,nan,nan,-0.00970419,-0.0482688,-0.0132199,nan,-0.156209,0,-0.0150638,-0.255062,nan,-0.271701,-0.042629,-0.176298,-0.278792,-0.196833,0.259434,-0.00323683,0.0941667
2200,100.457,930,0.104092,0.0833333,0.0416667,0.0559304,0.159493,0.100534,-0.0090057,4.2032,5.0625e-05,0.0135197,0.357551,9995.34,0.836248,0.393125,-0.4,0.25,1,229.976,2.70336e+07,4.10567,2.29961,0,0.141498,-0.0895066,nan,-0.127083,nan,nan,nan,nan,-0.00899715,-0.0464194,-0.0129646,nan,-0.151068,0,-0.00981261,-0.24487,nan,-0.250298,-0.0341356,-0.151347,-0.262278,-0.191667,0.254546,-0.0029809,0.085
2201,104.569,937.5,0.106672,0.166667,0.0833333,0.0547756,0.152659,0.134219,-0.00627381,4.19719,1e-05,0.0179193,0.357384,11171.4,0.775046,0.324907,-0.4,0.25,1,233.277,2.70459e+07,4.22018,2.30353,0,0.156852,-0.0892766,nan,-0.14985,nan,nan,nan,nan,-0.010135,-0.052785,-0.0137389,nan,-0.152727,0,-0.00889343,-0.247835,nan,-0.208007,-0.0374665,-0.182914,-0.260008,-0.184167,0.260007,-0.00300082,0.0833333
2202,106.024,1000,0.108241,0.291667,0,0.0531155,0.156473,0.117784,-0.00974339,4.1924,0.000113906,0.0144955,0.357147,12112.7,0.714207,0.300265,-0.4,0.25,1,234.293,2.70582e+07,4.36747,2.44767,0,0.14743,-0.0988691,nan,-0.137707,nan,nan,nan,nan,-0.0102919,-0.0511041,-0.0137901,nan,-0.165579,0,-0.0223906,-0.274495,nan,-0.271006,-0.0423488,-0.172142,-0.288463,-0.222714,0.275861,-0.0032256,0.117857
2203,104.055,958.714,0.1077,0.208333,0.0833333,0.0537766,0.153903,0.101348,-0.0105195,4.18231,1e-05,0.0180605,0.356901,13949.7,0.62463,0.25625,-0.4,0.25,1,235.176,2.70705e+07,4.15709,2.32867,0,0.164908,-0.0943948,nan,-0.1718,nan,nan,nan,nan,-0.0117974,-0.0619124,-0.0160623,nan,-0.158348,0,-0.00697746,-0.260343,nan,-0.190379,-0.0473827,-0.246037,-0.275419,-0.196714,0.265306,-0.00318545,0.113929
2204,105.342,1000,0.107093,0.125,0,0.0531114,0.159404,0.0919619,-0.0109353,4.17556,0.000170859,0.0173976,0.356547,12942.1,0.604415,0.345042,-0.4,0.25,1,236.126,2.70828e+07,4.21253,2.50187,0,0.15845,-0.0989336,nan,-0.17535,nan,nan,nan,nan,-0.0125675,-0.060449,-0.0175154,nan,-0.166929,0,-0.0130743,-0.272039,nan,-0.228216,-0.0534321,-0.2422,-0.290704,-0.221,0.276788,-0.00324675,0.12
2205,101.473,983.4,0.106184,0.166667,0.0416667,0.0542203,0.159597,0.123436,-0.0093453,4.16419,2.25e-05,0.014804,0.356385,9367.55,0.834856,0.476906,-0.4,0.25,1,237.44,2.7095e+07,4.27899,2.38273,0,0.14339,-0.0960413,nan,-0.13545,nan,nan,nan,nan,-0.00902442,-0.0462892,-0.0129191,nan,-0.161984,0,-0.00865934,-0.263642,nan,-0.278341,-0.0413992,-0.182914,-0.276664,-0.2356,0.273235,-0.0030827,0.0805
2206,91.8877,899.333,0.106604,0.208333,0.0416667,0.0549283,0.1551,0.105233,-0.0128886,4.16013,0.000113906,0.0150705,0.356156,8791.21,0.926075,0.471685,-0.4,0.25,1,238.839,2.71073e+07,3.88387,2.19929,0,0.131325,-0.0870544,nan,-0.123383,nan,nan,nan,nan,-0.00798287,-0.0419317,-0.0122008,nan,-0.149324,0,-0.0035323,-0.245919,nan,-0.252892,-0.0378185,-0.190326,-0.250836,-0.22,0.249021,-0.00277945,0.0641667
2207,107.047,994.667,0.106338,0.208333,0.0416667,0.0548931,0.155908,0.128983,-0.0112963,4.15353,3.375e-05,0.0119788,0.356044,9198.1,0.849491,0.486437,-0.4,0.25,1,240.177,2.71196e+07,4.35901,2.41392,0,0.159038,-0.0986696,nan,-0.167917,nan,nan,nan,nan,-0.0124269,-0.0612222,-0.017265,nan,-0.165679,0,-0.0194798,-0.274599,nan,-0.225431,-0.0487245,-0.240672,-0.289513,-0.2105,0.273912,-0.00325715,0.105833
2208,101.48,1000,0.106786,0.208333,0,0.0539566,0.159345,0.0758791,-0.0139633,4.14884,0.000170859,0.0162796,0.355768,10287,0.762216,0.432296,-0.4,0.25,1,241.374,2.71319e+07,4.31238,2.37778,0,0.141202,-0.0991369,nan,-0.1429,nan,nan,nan,nan,-0.010008,-0.0525019,-0.0140229,nan,-0.165645,0,-0.0177203,-0.268285,nan,-0.291564,-0.0435821,-0.207991,-0.289258,-0.215,0.275266,-0.00362641,0.081
2209,105.622,1000,0.105345,12.4167,0,0.0537402,0.154473,0.052354,-0.0159796,4.13676,0.000113906,0.0149564,0.35537,9810.19,0.854783,0.397792,-0.4,0.25,1,242.628,2.71442e+07,4.35997,2.43427,0,0.152586,-0.0979545,nan,-0.152336,nan,nan,nan,nan,-0.0104682,-0.0540481,-0.0146119,nan,-0.164884,0,-0.00999243,-0.267671,nan,-0.258382,-0.0429879,-0.206987,-0.284389,-0.217148,0.276853,-0.00320962,0.0917701
2210,106.095,1000,0.109751,0.333333,0,0.0506906,0.155246,0.0591647,-0.0124367,4.12709,0.000113906,0.0126158,0.355096,9534.92,0.821906,0.466831,-0.4,0.25,1,243.919,2.71565e+07,4.44027,2.46271,0,0.139625,-0.09794,nan,-0.120581,nan,nan,nan,nan,-0.00897839,-0.0441831,-0.0119316,nan,-0.163513,0,-0.00653034,-0.26784,nan,-0.305159,-0.040603,-0.155075,-0.285217,-0.2015,0.275284,-0.00327077,0.0871875
2211,102.858,1000,0.110877,0.25,0,0.0509689,0.153509,0.058736,-0.0168044,4.11667,0.000170859,0.0154992,0.354737,10767.8,0.770074,0.371104,-0.4,0.25,1,245.061,2.71688e+07,4.30922,2.46187,0,0.140071,-0.0977097,nan,-0.127242,nan,nan,nan,nan,-0.00860344,-0.0453326,-0.0122067,nan,-0.164016,0,-0.0128834,-0.270841,nan,-0.300471,-0.0370693,-0.208111,-0.283387,-0.213667,0.277076,-0.00337457,0.0833333
2212,89.9544,838.909,0.108638,0.375,0.0833333,0.0527369,0.160587,0.168741,-0.00795677,4.10839,7.59375e-05,0.0126728,0.354586,10388.5,0.779573,0.403273,-0.4,0.25,1,246.246,2.71811e+07,3.72634,2.09211,0,0.122563,-0.0821474,nan,-0.121041,nan,nan,nan,nan,-0.00803104,-0.0417232,-0.0110416,nan,-0.13707,0,-0.00858854,-0.226072,nan,-0.232799,-0.0345668,-0.155273,-0.23841,-0.179091,0.233637,-0.00231816,0.0711364
2213,107.334,1000,0.109883,0.333333,0,0.0520687,0.160602,0.0688574,-0.0160293,4.10169,0.000256289,0.0180884,0.354156,10387.9,0.777427,0.405487,-0.4,0.25,1,247.431,2.71933e+07,4.44357,2.44563,0,0.155684,-0.095456,nan,-0.146331,nan,nan,nan,nan,-0.0094941,-0.0508307,-0.0130891,nan,-0.163322,0,-0.00419254,-0.257612,nan,-0.255057,-0.0399397,-0.214797,-0.275362,-0.207125,0.278185,-0.00311308,0.0790625
2214,95.5981,903.889,0.110023,0.333333,0.0416667,0.0526424,0.149064,0.0945422,-0.00942191,4.08868,5.0625e-05,0.0110403,0.353911,10643,0.76996,0.384603,-0.4,0.25,1,248.587,2.72056e+07,3.95553,2.23503,0,0.134834,-0.0883613,nan,-0.137156,nan,nan,nan,nan,-0.0092598,-0.0486604,-0.0128182,nan,-0.149093,0,-0.00972664,-0.245587,nan,-0.245644,-0.0381391,-0.175174,-0.255028,-0.197333,0.250517,-0.00271054,0.0783333
2215,79.0237,747.125,0.107322,0.208333,0.125,0.0547408,0.152174,0.190637,-0.00761929,4.08633,1e-05,0.0187675,0.353873,12951.1,0.662823,0.285975,-0.4,0.25,1,249.537,2.72179e+07,3.15182,1.79926,0,0.1322,-0.073376,nan,-0.156356,nan,nan,nan,nan,-0.00969517,-0.052153,-0.0144392,nan,-0.124314,0,-0.00454577,-0.197212,nan,-0.13917,-0.0362112,-0.182804,-0.211031,-0.181875,0.206466,-0.00228509,0.0696875
2216,85.6974,794.875,0.106293,0.25,0.0833333,0.0558922,0.157497,0.158053,-0.00783412,4.0861,1e-05,0.019381,0.353903,12855,0.636381,0.319512,-0.4,0.25,1,250.495,2.72302e+07,3.43182,1.92042,0,0.139106,-0.0767121,nan,-0.148731,nan,nan,nan,nan,-0.0100684,-0.0521936,-0.0143656,nan,-0.131355,0,-0.0131685,-0.210944,nan,-0.151899,-0.0395156,-0.198338,-0.226031,-0.17925,0.220204,-0.00273001,0.083125
2217,98.4684,938,0.107955,0.0416667,0.0416667,0.0533531,0.159237,0.10911,-0.00855729,4.08587,0.000113906,0.013815,0.353869,13291.8,0.645948,0.278535,-0.4,0.25,1,251.421,2.72425e+07,4.08085,2.30805,0,0.133658,-0.0917039,nan,-0.1287,nan,nan,nan,nan,-0.00887587,-0.0472824,-0.0127701,nan,-0.153636,0,-0.0140649,-0.234997,nan,-0.276696,-0.0389113,-0.154711,-0.266079,-0.205,0.256544,-0.00325482,0.06625
2218,107.533,1000,0.108334,0.458333,0,0.0536718,0.153529,0.0806761,-0.0134867,4.07978,5.0625e-05,0.0109746,0.35367,13769.8,0.621026,0.271362,-0.4,0.25,1,252.314,2.72548e+07,4.41941,2.49461,0,0.147235,-0.0971052,nan,-0.145223,nan,nan,nan,nan,-0.0100066,-0.0526123,-0.0136168,nan,-0.162808,0,-0.0102067,-0.268669,nan,-0.273427,-0.0409441,-0.188058,-0.282411,-0.206818,0.276839,-0.00312774,0.0879545
2219,105.448,1000,0.108406,0.125,0,0.0540207,0.154697,0.1399,-0.0107791,4.07385,1e-05,0.0175954,0.353538,14143.8,0.604218,0.264572,-0.4,0.25,1,253.184,2.72671e+07,4.44083,2.39686,0,0.148494,-0.0938284,nan,-0.1469,nan,nan,nan,nan,-0.00903519,-0.0497414,-0.0136028,nan,-0.164104,0,-0.0018242,-0.260203,nan,-0.269159,-0.0437883,-0.183961,-0.275433,-0.23,0.276833,-0.00308605,0.0741667
2220,95.8779,865.2,0.107598,0.166667,0.0416667,0.0549901,0.152643,0.0878002,-0.0108768,4.06961,0.000113906,0.0126905,0.353295,13868.4,0.611284,0.274757,-0.4,0.25,1,254.072,2.72794e+07,3.85266,2.09599,0,0.150193,-0.0815329,nan,-0.16488,nan,nan,nan,nan,-0.00987722,-0.0557252,-0.0152012,nan,-0.140583,0,-0.00333077,-0.22125,nan,-0.171722,-0.0370499,-0.168811,-0.236608,-0.2092,0.23999,-0.00262735,0.0845
2221,93.9503,909,0.105063,0.208333,0.0416667,0.0566407,0.160984,0.13685,-0.0119029,4.05833,5.0625e-05,0.0122852,0.35308,13268.9,0.621693,0.304384,-0.4,0.25,1,254.999,2.72916e+07,4.00632,2.17776,0,0.124393,-0.08713,nan,-0.109658,nan,nan,nan,nan,-0.00751867,-0.0373232,-0.0103932,nan,-0.149693,0,-0.00465381,-0.24844,nan,-0.285155,-0.0427204,-0.119374,-0.254109,-0.197,0.25236,-0.00270225,0.07
2222,109.78,1000,0.10547,0.166667,0,0.054889,0.166242,0.114824,-0.0108426,4.05565,2.25e-05,0.0142731,0.353058,13816.8,0.628115,0.261239,-0.4,0.25,1,255.89,2.73039e+07,4.47325,2.44276,0,0.163809,-0.0936252,nan,-0.1499,nan,nan,nan,nan,-0.00999789,-0.0542565,-0.0133975,nan,-0.161339,0,-0.000386302,-0.275938,nan,-0.240472,-0.0412945,-0.169462,-0.271778,-0.19475,0.277694,-0.00329352,0.08
2223,101.97,989.5,0.105955,0.125,0.0416667,0.0554678,0.16022,0.127879,-0.0088414,4.05439,1e-05,0.0184891,0.35301,13576.9,0.634169,0.270898,-0.4,0.25,1,256.796,2.73162e+07,4.19061,2.42657,0,0.148001,-0.0944964,nan,-0.1483,nan,nan,nan,nan,-0.00974515,-0.0524057,-0.0144376,nan,-0.161194,0,-0.0098835,-0.252313,nan,-0.262708,-0.0374759,-0.19206,-0.274882,-0.2185,0.271939,-0.00312584,0.074375
2224,94.7311,871.833,0.105828,0.208333,0.0416667,0.0560063,0.156921,0.220473,-0.00891474,4.0522,0.000113906,0.0158623,0.35292,13103.8,0.663727,0.274015,-0.4,0.25,1,257.735,2.73285e+07,3.8009,2.16537,0,0.139304,-0.0843446,nan,-0.126817,nan,nan,nan,nan,-0.00948117,-0.0463573,-0.0125355,nan,-0.14205,0,-0.00922549,-0.231432,nan,-0.203875,-0.0335185,-0.14612,-0.248446,-0.181833,0.23939,-0.00289425,0.0808333
2225,100.969,944.4,0.107005,0.166667,0.0416667,0.0536071,0.159032,0.100295,-0.0143158,4.04926,0.000113906,0.0191971,0.352852,13637.8,0.610804,0.290219,-0.4,0.25,1,258.638,2.73408e+07,4.05392,2.27738,0,0.153576,-0.0927395,nan,-0.16311,nan,nan,nan,nan,-0.0122391,-0.0610501,-0.0159792,nan,-0.155274,0,-0.00773577,-0.249573,nan,-0.206274,-0.0470785,-0.245033,-0.272521,-0.1756,0.259826,-0.00354429,0.114
2226,86.2011,821.25,0.106883,0.125,0.0416667,0.0547144,0.156116,0.101716,-0.01032,4.04663,0.000113906,0.0143688,0.352771,12979.9,0.660089,0.286606,-0.4,0.25,1,259.586,2.73531e+07,3.58775,2.01181,0,0.125336,-0.0786009,nan,-0.136362,nan,nan,nan,nan,-0.00802752,-0.0443492,-0.0124404,nan,-0.136193,0,-0.00318689,-0.216665,nan,-0.20846,-0.0376042,-0.191636,-0.224144,-0.2025,0.227855,-0.00236646,0.063125
2227,106.174,1000,0.109199,0.125,0,0.0532986,0.149609,0.0836654,-0.0120057,4.04302,0.000170859,0.015452,0.352578,14103.1,0.613684,0.257616,-0.4,0.25,1,260.459,2.73654e+07,4.38099,2.45454,0,0.150004,-0.0946677,nan,-0.13985,nan,nan,nan,nan,-0.0102234,-0.0503345,-0.0132734,nan,-0.161487,0,-0.0129873,-0.263929,nan,-0.269458,-0.0440434,-0.204329,-0.277191,-0.198667,0.278023,-0.00299117,0.085
2228,98.1528,891.8,0.109089,0.166667,0.0416667,0.053005,0.149846,0.0776417,-0.0162511,4.03397,0.000256289,0.0174722,0.352294,13327.9,0.637469,0.284508,-0.4,0.25,1,261.382,2.73777e+07,3.97614,2.16012,0,0.147249,-0.0841535,nan,-0.14412,nan,nan,nan,nan,-0.00907065,-0.0487819,-0.0136457,nan,-0.144821,0,-0.00369426,-0.229046,nan,-0.201036,-0.0356525,-0.132152,-0.241458,-0.2036,0.247293,-0.00286962,0.0695
2229,100.973,1000,0.107464,0.125,0,0.0540953,0.152027,0.0757705,-0.0148999,4.02026,7.59375e-05,0.0121938,0.351978,9824.37,0.779232,0.471536,-0.4,0.25,1,262.634,2.739e+07,4.30033,2.45573,0,0.134159,-0.0945316,nan,-0.113733,nan,nan,nan,nan,-0.00686533,-0.0376015,-0.0102823,nan,-0.163169,0,-0.000242817,-0.259176,nan,-0.315009,-0.0425387,-0.140114,-0.269347,-0.247,0.277798,-0.00310552,0.0266667
2230,108.949,1000,0.106479,0.25,0,0.0545702,0.155901,0.109518,-0.0131096,4.01207,2.25e-05,0.0172555,0.351785,9607.41,0.848455,0.430558,-0.4,0.25,1,263.914,2.74022e+07,4.41999,2.41741,0,0.164332,-0.0959654,nan,-0.1705,nan,nan,nan,nan,-0.0118023,-0.0608645,-0.0164163,nan,-0.164103,0,-0.010356,-0.267048,nan,-0.221298,-0.047319,-0.208759,-0.283439,-0.2075,0.27621,-0.00330829,0.0929167
2231,91.4838,845.778,0.106816,0.25,0.125,0.0535772,0.157548,0.15283,-0.00755694,4.00948,2.25e-05,0.0117824,0.351745,10341,0.782084,0.406193,-0.4,0.25,1,265.104,2.74145e+07,3.72786,2.08299,0,0.130468,-0.0810962,nan,-0.131672,nan,nan,nan,nan,-0.00904384,-0.0467009,-0.0122809,nan,-0.137798,0,-0.00556139,-0.225897,nan,-0.209781,-0.0410696,-0.184236,-0.235407,-0.176667,0.235015,-0.00262338,0.085
2232,86.0252,797,0.105844,0.291667,0.125,0.0545317,0.154722,0.215492,-0.00487379,4.00872,1e-05,0.0177834,0.351726,10485.7,0.801281,0.3706,-0.4,0.25,1,266.278,2.74268e+07,3.47585,1.93974,0,0.126221,-0.0753185,nan,-0.12083,nan,nan,nan,nan,-0.00838625,-0.0443766,-0.0114192,nan,-0.129686,0,-0.00510389,-0.210013,nan,-0.191403,-0.0342715,-0.129293,-0.219139,-0.1661,0.220922,-0.00278433,0.07175
2233,95.226,908.857,0.104935,0.25,0.0416667,0.055154,0.157128,0.121917,-0.00751021,4.00791,0.000113906,0.0139143,0.35166,10242.1,0.75602,0.44373,-0.4,0.25,1,267.479,2.74391e+07,3.98584,2.20469,0,0.1395,-0.084754,nan,-0.133364,nan,nan,nan,nan,-0.00793711,-0.0441632,-0.0121288,nan,-0.147114,0,-0.0012055,-0.229382,nan,-0.241067,-0.0366617,-0.170969,-0.244946,-0.217571,0.252323,-0.00281867,0.0482143
2234,82.3011,762.5,0.107412,0.125,0.0416667,0.0541133,0.154503,0.0807033,-0.0137989,3.99981,0.000113906,0.0136674,0.35134,9466.02,0.82434,0.473776,-0.4,0.25,1,268.779,2.74514e+07,3.47942,1.84474,0,0.118928,-0.0716115,nan,-0.115675,nan,nan,nan,nan,-0.00686455,-0.0380717,-0.0104326,nan,-0.123277,0,-0.00331675,-0.199042,nan,-0.196835,-0.0324469,-0.174188,-0.204663,-0.1825,0.212058,-0.00201492,0.05125
2235,106.776,1000,0.108102,0.208333,0,0.0530537,0.155097,0.0830765,-0.0141937,3.993,0.000170859,0.0156223,0.351283,9091.47,0.881367,0.47023,-0.4,0.25,1,270.132,2.74637e+07,4.42954,2.4103,0,0.158603,-0.0942214,nan,-0.15661,nan,nan,nan,nan,-0.00993576,-0.054056,-0.0140546,nan,-0.161545,0,-0.00627591,-0.257561,nan,-0.245719,-0.0369928,-0.229852,-0.271805,-0.221,0.275734,-0.0031674,0.075
2236,97.7506,915,0.108772,0.125,0.0416667,0.0521809,0.153125,0.135541,-0.00943768,3.99096,0.000170859,0.0154446,0.351221,9381.86,0.850395,0.459366,-0.4,0.25,1,271.444,2.7476e+07,3.90867,2.22848,0,0.144675,-0.0897338,nan,-0.1457,nan,nan,nan,nan,-0.0113943,-0.0540601,-0.0158556,nan,-0.151172,0,-0.0124241,-0.239967,nan,-0.206956,-0.0456113,-0.175201,-0.265842,-0.1945,0.252667,-0.00275904,0.11125
2237,103.632,964.889,0.108149,0.333333,0.0416667,0.0535974,0.151519,0.0889656,-0.0139421,3.98745,0.000170859,0.0167635,0.35118,8847.64,0.881251,0.507594,-0.4,0.25,1,272.835,2.74883e+07,4.2582,2.29593,0,0.156341,-0.092122,nan,-0.158739,nan,nan,nan,nan,-0.0109309,-0.056962,-0.0148428,nan,-0.157837,0,-0.00757638,-0.260021,nan,-0.219886,-0.0445312,-0.190608,-0.266764,-0.219778,0.266625,-0.00297759,0.0844444
2238,103.191,928,0.107575,0.125,0.0416667,0.0541345,0.150262,0.129242,-0.00848916,3.98659,3.375e-05,0.0108879,0.35113,9942.74,0.819819,0.416058,-0.4,0.25,1,274.072,2.75005e+07,4.14856,2.22361,0,0.166808,-0.0877521,nan,-0.176887,nan,nan,nan,nan,-0.0116689,-0.062268,-0.0156494,nan,-0.150989,0,-0.00840429,-0.253612,nan,-0.167738,-0.0417384,-0.252061,-0.257096,-0.192,0.256968,-0.00271098,0.109375
2239,108.763,1000,0.10871,0.125,0,0.0526961,0.151996,0.0863858,-0.0128973,3.98068,0.000170859,0.0154818,0.350837,10896,0.78351,0.344244,-0.4,0.25,1,275.202,2.75128e+07,4.30551,2.48265,0,0.157957,-0.0965916,nan,-0.163633,nan,nan,nan,nan,-0.0124808,-0.0619417,-0.0159561,nan,-0.162568,0,-0.0119743,-0.261536,nan,-0.235546,-0.0431327,-0.224997,-0.283709,-0.176,0.27473,-0.00329147,0.145833
2240,100.258,935.25,0.107804,0.125,0.0416667,0.0549847,0.153414,0.121469,-0.00538736,3.97065,2.25e-05,0.0106225,0.350677,10992.6,0.730618,0.387224,-0.4,0.25,1,276.321,2.75251e+07,4.2441,2.28298,0,0.138895,-0.0859081,nan,-0.124312,nan,nan,nan,nan,-0.00764724,-0.0410278,-0.0105647,nan,-0.14952,0,-0.00148338,-0.249892,nan,-0.26562,-0.0352613,-0.171929,-0.248677,-0.22,0.261648,-0.00251038,0.061875
2241,104.257,966.143,0.108732,0.25,0.0416667,0.0536825,0.156512,0.0792812,-0.011222,3.9665,0.000113906,0.0140997,0.35048,10563.2,0.75241,0.410871,-0.4,0.25,1,277.486,2.75374e+07,4.21113,2.35168,0,0.156621,-0.0913892,nan,-0.169179,nan,nan,nan,nan,-0.011249,-0.0584455,-0.0159178,nan,-0.158103,0,-0.0127439,-0.244657,nan,-0.218863,-0.0460326,-0.204371,-0.265683,-0.216714,0.267247,-0.0030956,0.0792857
2242,106.737,1000,0.108933,0.208333,0,0.052513,0.157591,0.0859769,-0.0135279,3.95726,0.000113906,0.0136838,0.350221,10734.1,0.797068,0.347693,-0.4,0.25,1,278.633,2.75497e+07,4.34321,2.45857,0,0.150118,-0.09551,nan,-0.13963,nan,nan,nan,nan,-0.0103545,-0.0526709,-0.0131587,nan,-0.162055,0,-0.00850284,-0.265989,nan,-0.262386,-0.0457335,-0.20498,-0.277436,-0.1828,0.274497,-0.00352456,0.1185
2243,109.17,1000,0.109881,0.291667,0,0.0519277,0.153126,0.0763446,-0.0134041,3.94875,5.0625e-05,0.0130085,0.350048,11200.5,0.706583,0.390513,-0.4,0.25,1,279.731,2.7562e+07,4.31076,2.43724,0,0.17868,-0.0956765,nan,-0.196579,nan,nan,nan,nan,-0.0130881,-0.0691902,-0.0188208,nan,-0.165109,0,-0.0122852,-0.262756,nan,-0.1817,-0.0459674,-0.245552,-0.279973,-0.232714,0.277106,-0.00315862,0.121071
2244,107.432,1000,0.108409,0.333333,0,0.0535187,0.158213,0.0820805,-0.015747,3.94091,5.0625e-05,0.0179477,0.349736,9591.53,0.831694,0.449436,-0.4,0.25,1,281.014,2.75743e+07,4.43061,2.40874,0,0.158241,-0.0946869,nan,-0.185712,nan,nan,nan,nan,-0.0116896,-0.0627866,-0.0173971,nan,-0.163626,0,-0.010713,-0.260875,nan,-0.230157,-0.0499919,-0.245473,-0.275267,-0.232875,0.277992,-0.00265912,0.090625
